{
  "type": "FeatureCollection",
  "features": [
    {
      "type": "Feature",
      "geometry": {
        "type": "MultiPolygon",
        "coordinates": [
          [
            [
              [
                128.67966807246407,
                37.57084220946948
              ],
              [
                128.68035492698402,
                37.571881699129925
              ],
              [
                128.68032305010848,
                37.572290407196924
              ],
              [
                128.68069804695764,
                37.57337857289291
              ],
              [
                128.68143488500337,
                37.573825136729404
              ],
              [
                128.6813577224822,
                37.57478893576043
              ],
              [
                128.68179303426527,
                37.57593900557059
              ],
              [
                128.68179184861248,
                37.57627457390219
              ],
              [
                128.68142308892067,
                37.576602289643894
              ],
              [
                128.68179787400277,
                37.5775024422328
              ],
              [
                128.6815456257298,
                37.57823354690679
              ],
              [
                128.68152653440427,
                37.57975574314367
              ],
              [
                128.68198902615762,
                37.581146618743624
              ],
              [
                128.6826783553197,
                37.58200701156491
              ],
              [
                128.68241985587636,
                37.58270773751774
              ],
              [
                128.68265203430235,
                37.583434935686206
              ],
              [
                128.68273592751052,
                37.58453119001147
              ],
              [
                128.682900486202,
                37.58490595662248
              ],
              [
                128.68281295530642,
                37.5855228034292
              ],
              [
                128.68344496465943,
                37.5879294467495
              ],
              [
                128.68334645942596,
                37.58842484769252
              ],
              [
                128.68359635341386,
                37.58865337040963
              ],
              [
                128.6840711625107,
                37.590042350005675
              ],
              [
                128.68427085340096,
                37.59114476980865
              ],
              [
                128.68406213001762,
                37.59198504091748
              ],
              [
                128.68371960241666,
                37.59222018542741
              ],
              [
                128.6839556990074,
                37.59384707460707
              ],
              [
                128.68491377177665,
                37.59370586970311
              ],
              [
                128.6863193780541,
                37.593127903810604
              ],
              [
                128.68711333889246,
                37.59301257835103
              ],
              [
                128.68794568527804,
                37.592694033989936
              ],
              [
                128.68952308272307,
                37.59276175117015
              ],
              [
                128.6903537321552,
                37.592388054226745
              ],
              [
                128.6919712981073,
                37.59203765382364
              ],
              [
                128.6926717612457,
                37.592190132861575
              ],
              [
                128.69318166144006,
                37.59250256597203
              ],
              [
                128.69429919391024,
                37.59241890456911
              ],
              [
                128.69533095577899,
                37.592105349816904
              ],
              [
                128.69733073391228,
                37.59262893633161
              ],
              [
                128.69854463444594,
                37.59341619197184
              ],
              [
                128.69892268875796,
                37.59351603550764
              ],
              [
                128.69991218708216,
                37.592975780498534
              ],
              [
                128.70055617972685,
                37.592437952288726
              ],
              [
                128.70179263686975,
                37.591984669928955
              ],
              [
                128.7032780532916,
                37.590822011777604
              ],
              [
                128.70316400835958,
                37.59066985398357
              ],
              [
                128.70344211363255,
                37.58999957695576
              ],
              [
                128.70833036595167,
                37.58863066730966
              ],
              [
                128.7105791493867,
                37.58843420401053
              ],
              [
                128.7120772109734,
                37.588636553559716
              ],
              [
                128.71194366983573,
                37.58975469706256
              ],
              [
                128.71207113458635,
                37.590866488884664
              ],
              [
                128.71312218683772,
                37.5918465284325
              ],
              [
                128.7163457724566,
                37.59338215628772
              ],
              [
                128.71627502706005,
                37.595482390804584
              ],
              [
                128.71671612961785,
                37.598847406168126
              ],
              [
                128.716624845349,
                37.599575881563105
              ],
              [
                128.71674628614304,
                37.6009417197462
              ],
              [
                128.7166521135164,
                37.60426844529836
              ],
              [
                128.7173636948413,
                37.60555175134592
              ],
              [
                128.7183794847489,
                37.60680355500911
              ],
              [
                128.71953011121502,
                37.60777663843837
              ],
              [
                128.72020558144584,
                37.60886391334096
              ],
              [
                128.72233130913895,
                37.61033294533016
              ],
              [
                128.72302447903425,
                37.611316452750685
              ],
              [
                128.72340401879262,
                37.611251251913544
              ],
              [
                128.7244945806384,
                37.61036828895051
              ],
              [
                128.7264350719634,
                37.610350708908555
              ],
              [
                128.72734557084613,
                37.60996051399135
              ],
              [
                128.72833585836665,
                37.610084532821254
              ],
              [
                128.73050403278958,
                37.60951663459036
              ],
              [
                128.73397438580392,
                37.60905846680654
              ],
              [
                128.73551503987784,
                37.60908700563306
              ],
              [
                128.7359681543148,
                37.609565176140926
              ],
              [
                128.73656003349146,
                37.609749891936694
              ],
              [
                128.73665746214806,
                37.61023331526445
              ],
              [
                128.73635085624628,
                37.61113012895853
              ],
              [
                128.73641557439413,
                37.611499306705326
              ],
              [
                128.73591579018134,
                37.612223165359914
              ],
              [
                128.73627227516394,
                37.6126012884168
              ],
              [
                128.73624178781074,
                37.612820761605406
              ],
              [
                128.73654764338693,
                37.61353917808248
              ],
              [
                128.73710369619135,
                37.614024863924634
              ],
              [
                128.73699820528512,
                37.61492008392479
              ],
              [
                128.7367799784887,
                37.6153877614378
              ],
              [
                128.73681610487284,
                37.61676936788032
              ],
              [
                128.73631935749495,
                37.617544527086636
              ],
              [
                128.7361962079593,
                37.61803723888742
              ],
              [
                128.73650331728325,
                37.61863480941247
              ],
              [
                128.73641743620473,
                37.6192796091534
              ],
              [
                128.7359512212412,
                37.61975734993329
              ],
              [
                128.73605870245598,
                37.62045831880439
              ],
              [
                128.7360068900821,
                37.622650318490436
              ],
              [
                128.73621729339888,
                37.62314845598145
              ],
              [
                128.73608261919594,
                37.62477692301361
              ],
              [
                128.7363012147856,
                37.62573853253276
              ],
              [
                128.73619193210797,
                37.62629701912032
              ],
              [
                128.73564608768294,
                37.62653432431038
              ],
              [
                128.7360157570257,
                37.627683173118115
              ],
              [
                128.73583450919764,
                37.628703977858805
              ],
              [
                128.73523552665355,
                37.62997978971604
              ],
              [
                128.73460061509113,
                37.63062107609382
              ],
              [
                128.7345506349457,
                37.63093414257866
              ],
              [
                128.73393403870685,
                37.631389162711166
              ],
              [
                128.73293055180847,
                37.63281503882253
              ],
              [
                128.73239558115816,
                37.633181301122995
              ],
              [
                128.731719723328,
                37.63406289468793
              ],
              [
                128.7300699110551,
                37.634485416601734
              ],
              [
                128.72923165705816,
                37.63632225111521
              ],
              [
                128.7286973751777,
                37.63680433641178
              ],
              [
                128.7286318841085,
                37.63793058482191
              ],
              [
                128.72897989564007,
                37.63870075929876
              ],
              [
                128.72958836702668,
                37.63954871080512
              ],
              [
                128.73026900381956,
                37.639925650944214
              ],
              [
                128.73064301358855,
                37.64033599449454
              ],
              [
                128.73062932646394,
                37.641952492759735
              ],
              [
                128.73105512119875,
                37.643308590037776
              ],
              [
                128.7312969910533,
                37.643553425572144
              ],
              [
                128.73226386099168,
                37.64530558129386
              ],
              [
                128.73376937192188,
                37.64683518632634
              ],
              [
                128.7317675089764,
                37.64978413638726
              ],
              [
                128.73291922484674,
                37.65200779960925
              ],
              [
                128.73312279325364,
                37.65278155046708
              ],
              [
                128.73293781629758,
                37.65347832972306
              ],
              [
                128.73347348647175,
                37.654543165025714
              ],
              [
                128.73346994877417,
                37.654896815982596
              ],
              [
                128.73424088189643,
                37.65515691021745
              ],
              [
                128.73587001348446,
                37.656246226547545
              ],
              [
                128.73667584872013,
                37.656640826617625
              ],
              [
                128.73736856678028,
                37.656758100745215
              ],
              [
                128.73929574417593,
                37.65747553840586
              ],
              [
                128.74140600087196,
                37.65757725415755
              ],
              [
                128.7427249779572,
                37.65844975606935
              ],
              [
                128.7436674455822,
                37.65882812019337
              ],
              [
                128.74377680453406,
                37.65947495123365
              ],
              [
                128.74364968113161,
                37.66029117078179
              ],
              [
                128.74412481482068,
                37.661353563003566
              ],
              [
                128.74466097827374,
                37.661722760877886
              ],
              [
                128.74479214506252,
                37.66290575263402
              ],
              [
                128.7459811479618,
                37.66361883195218
              ],
              [
                128.7461350652053,
                37.66455311281963
              ],
              [
                128.74575903682413,
                37.66502780401415
              ],
              [
                128.747270572345,
                37.666487105069024
              ],
              [
                128.74949205098602,
                37.66657687010592
              ],
              [
                128.74984082020507,
                37.66683621165332
              ],
              [
                128.75060382393343,
                37.66686916396625
              ],
              [
                128.75188614329795,
                37.667576561650264
              ],
              [
                128.75185618448646,
                37.668206655714094
              ],
              [
                128.75246606441,
                37.66977970750102
              ],
              [
                128.75302413682866,
                37.66978535335151
              ],
              [
                128.75526916556296,
                37.67037109800532
              ],
              [
                128.75613004462693,
                37.670333006142464
              ],
              [
                128.75839589778516,
                37.671392654415015
              ],
              [
                128.7606226676339,
                37.67127662829744
              ],
              [
                128.76178084290015,
                37.67183413035446
              ],
              [
                128.76237607975614,
                37.672403725267436
              ],
              [
                128.76441690894936,
                37.672584552842345
              ],
              [
                128.76502793167083,
                37.67291716566945
              ],
              [
                128.7651105466041,
                37.67351580119888
              ],
              [
                128.76475222640082,
                37.673952692987136
              ],
              [
                128.76476325813954,
                37.67454053546142
              ],
              [
                128.76427423353232,
                37.67603146997066
              ],
              [
                128.76418070317348,
                37.676700819924385
              ],
              [
                128.7633977407359,
                37.677931570843676
              ],
              [
                128.76329993969188,
                37.67895483929162
              ],
              [
                128.76351364990967,
                37.68003210996926
              ],
              [
                128.7639544864874,
                37.68070128407142
              ],
              [
                128.76200095555726,
                37.681714536640285
              ],
              [
                128.76071140984877,
                37.682836248467524
              ],
              [
                128.76075602056065,
                37.683986282635544
              ],
              [
                128.76111843607055,
                37.68492323693838
              ],
              [
                128.7611936137139,
                37.6859026803348
              ],
              [
                128.76100099166584,
                37.68638555832772
              ],
              [
                128.75942872995327,
                37.6862669092208
              ],
              [
                128.759271779837,
                37.686542184271346
              ],
              [
                128.75917303950675,
                37.6878783251197
              ],
              [
                128.75928255561624,
                37.68819626765491
              ],
              [
                128.7593056928662,
                37.689695986042366
              ],
              [
                128.75863678560086,
                37.691389106086554
              ],
              [
                128.75873021159893,
                37.6919066252518
              ],
              [
                128.75913107896483,
                37.69265795609297
              ],
              [
                128.75878169513499,
                37.693343756851775
              ],
              [
                128.75858461852343,
                37.694173403488875
              ],
              [
                128.75827766125775,
                37.694481117866104
              ],
              [
                128.75776336840357,
                37.69437308405815
              ],
              [
                128.75723304241683,
                37.69475996128115
              ],
              [
                128.75456023702426,
                37.6996452306013
              ],
              [
                128.75438831824556,
                37.700859814810016
              ],
              [
                128.75467844679946,
                37.70213154187885
              ],
              [
                128.75525312536612,
                37.703672557701495
              ],
              [
                128.75508901203753,
                37.704088479151324
              ],
              [
                128.7539326078917,
                37.70539963790631
              ],
              [
                128.75399055313696,
                37.70683581770458
              ],
              [
                128.75493503089638,
                37.707551955929596
              ],
              [
                128.75337977825782,
                37.708595155454816
              ],
              [
                128.75318237965178,
                37.710707521008906
              ],
              [
                128.752145261969,
                37.71141882416871
              ],
              [
                128.7488853249299,
                37.71296391303483
              ],
              [
                128.74782541032897,
                37.714096645133644
              ],
              [
                128.7479832634544,
                37.71447468692253
              ],
              [
                128.74746320623558,
                37.715420994358915
              ],
              [
                128.74690852873653,
                37.718346912299914
              ],
              [
                128.74847994922132,
                37.71995313654237
              ],
              [
                128.7452372802764,
                37.72232397241838
              ],
              [
                128.74455439301556,
                37.72343942770334
              ],
              [
                128.74478464134046,
                37.72488802866158
              ],
              [
                128.74567131936877,
                37.726767814273806
              ],
              [
                128.74464896120688,
                37.72779014733549
              ],
              [
                128.74402676438262,
                37.72879273200922
              ],
              [
                128.74400491726027,
                37.73003413768367
              ],
              [
                128.7448581072986,
                37.73116338971773
              ],
              [
                128.74499558998772,
                37.73176347710846
              ],
              [
                128.74478129749875,
                37.734051452455105
              ],
              [
                128.74416733010608,
                37.73563115618764
              ],
              [
                128.74425042088947,
                37.73914148929592
              ],
              [
                128.7437990554069,
                37.74143208660016
              ],
              [
                128.74176828950604,
                37.742030866827285
              ],
              [
                128.7396629412052,
                37.7416272906418
              ],
              [
                128.73806577478996,
                37.74250836620676
              ],
              [
                128.73595711674278,
                37.74429697645715
              ],
              [
                128.73586237983093,
                37.74505524464811
              ],
              [
                128.734106705155,
                37.74571474106183
              ],
              [
                128.7337402477579,
                37.746297361245595
              ],
              [
                128.73188328964073,
                37.7476989843217
              ],
              [
                128.73029790408972,
                37.74794607477491
              ],
              [
                128.72787204308582,
                37.74862017805831
              ],
              [
                128.72536285339984,
                37.74949585075855
              ],
              [
                128.7249125754189,
                37.750040262162265
              ],
              [
                128.72414856342064,
                37.750377362190186
              ],
              [
                128.72313366592383,
                37.75132293968916
              ],
              [
                128.72331806272385,
                37.75245724877699
              ],
              [
                128.72277786780268,
                37.753114221329504
              ],
              [
                128.72336544717405,
                37.75388830689911
              ],
              [
                128.7223632423468,
                37.755133880871654
              ],
              [
                128.72137642379735,
                37.755648580915306
              ],
              [
                128.72076820463985,
                37.75560269845291
              ],
              [
                128.72022617605188,
                37.755964672078555
              ],
              [
                128.71870152895448,
                37.756144944824584
              ],
              [
                128.7180556205245,
                37.75607259590875
              ],
              [
                128.71757679427225,
                37.757521119441535
              ],
              [
                128.715958148567,
                37.75893521580727
              ],
              [
                128.7151736149127,
                37.75994565431113
              ],
              [
                128.71516458209015,
                37.76042540076262
              ],
              [
                128.71358904146877,
                37.761693334215316
              ],
              [
                128.7135804133683,
                37.7625255895098
              ],
              [
                128.71209220773912,
                37.76313882880446
              ],
              [
                128.71009813207496,
                37.763726869999275
              ],
              [
                128.7105327849503,
                37.76472566253732
              ],
              [
                128.71153239371964,
                37.76504596561932
              ],
              [
                128.7106119972734,
                37.766511498176285
              ],
              [
                128.71002346799798,
                37.76680353920525
              ],
              [
                128.70890002287655,
                37.76804979450686
              ],
              [
                128.70610660411,
                37.76878101385643
              ],
              [
                128.7040721137578,
                37.76837822377905
              ],
              [
                128.70326855770375,
                37.76892500963357
              ],
              [
                128.70323366406677,
                37.769934918826685
              ],
              [
                128.70025182963784,
                37.770541523488966
              ],
              [
                128.69837181928239,
                37.77133372278398
              ],
              [
                128.6972993668205,
                37.77003144016812
              ],
              [
                128.6967564772236,
                37.769838908909385
              ],
              [
                128.69596896912057,
                37.77082409074205
              ],
              [
                128.69528196603432,
                37.77035112623706
              ],
              [
                128.69303956327335,
                37.77018602498387
              ],
              [
                128.69097226081738,
                37.769720540915806
              ],
              [
                128.68956169444166,
                37.77083181864664
              ],
              [
                128.68821799361552,
                37.77100455271393
              ],
              [
                128.6872148994759,
                37.77233852833438
              ],
              [
                128.68485329146165,
                37.77305128438632
              ],
              [
                128.68398852923872,
                37.77268910739789
              ],
              [
                128.68267887773942,
                37.77286723058532
              ],
              [
                128.68198835840627,
                37.77252249322237
              ],
              [
                128.67984179982406,
                37.773032305259576
              ],
              [
                128.6792626940109,
                37.772904796718684
              ],
              [
                128.6787462703775,
                37.77247346617827
              ],
              [
                128.678713019358,
                37.77215117594523
              ],
              [
                128.67852094373873,
                37.77197305359012
              ],
              [
                128.6772239134848,
                37.77126494537042
              ],
              [
                128.67696960657346,
                37.77095037088159
              ],
              [
                128.6761755773117,
                37.77103770922756
              ],
              [
                128.67512541346326,
                37.77043243636444
              ],
              [
                128.67363075947708,
                37.76985373068358
              ],
              [
                128.67362193546916,
                37.76948220665794
              ],
              [
                128.67134625512222,
                37.76784846798119
              ],
              [
                128.67084732350173,
                37.766876542833195
              ],
              [
                128.6698518301131,
                37.76751372943314
              ],
              [
                128.66926379740886,
                37.76831685957608
              ],
              [
                128.66737524115527,
                37.76979498605293
              ],
              [
                128.66578336122055,
                37.77029539231035
              ],
              [
                128.66062755684902,
                37.770516145305876
              ],
              [
                128.6598097355511,
                37.77116330133792
              ],
              [
                128.65843717157392,
                37.77198815465123
              ],
              [
                128.65748283905734,
                37.771302864052444
              ],
              [
                128.65569506177346,
                37.77142515221216
              ],
              [
                128.65378170069403,
                37.772708551850016
              ],
              [
                128.65308812841346,
                37.77268302433879
              ],
              [
                128.65286371017973,
                37.77308218561816
              ],
              [
                128.65141480838966,
                37.773776182661095
              ],
              [
                128.65038619213803,
                37.77379260079653
              ],
              [
                128.64981619748048,
                37.77457624370883
              ],
              [
                128.64769251233173,
                37.77621088166577
              ],
              [
                128.64505504221427,
                37.7771082008942
              ],
              [
                128.6433318167808,
                37.777185791043
              ],
              [
                128.6430913707198,
                37.777319734283644
              ],
              [
                128.64236785817175,
                37.77864386816934
              ],
              [
                128.64091881829265,
                37.779090071964355
              ],
              [
                128.6394721249019,
                37.7802059876415
              ],
              [
                128.6389812860765,
                37.782015310261116
              ],
              [
                128.63898381523077,
                37.782436440784
              ],
              [
                128.63733951051177,
                37.78246372346166
              ],
              [
                128.6366922079072,
                37.782259187226245
              ],
              [
                128.6364194942646,
                37.78175623330068
              ],
              [
                128.63495789741114,
                37.78127536252502
              ],
              [
                128.63386421352268,
                37.78027104304146
              ],
              [
                128.63323513731495,
                37.77940040799435
              ],
              [
                128.633135944338,
                37.77835165126284
              ],
              [
                128.63177742201725,
                37.776540086641454
              ],
              [
                128.63143507463892,
                37.774364599562404
              ],
              [
                128.63069541670038,
                37.773806359594836
              ],
              [
                128.63047090438474,
                37.77294586479281
              ],
              [
                128.62958622810206,
                37.77255899077877
              ],
              [
                128.62749266642518,
                37.77290039355838
              ],
              [
                128.6270612847653,
                37.77273688815719
              ],
              [
                128.62561979798414,
                37.77054574959724
              ],
              [
                128.6236248409581,
                37.76958633223107
              ],
              [
                128.6226110028198,
                37.77044705465457
              ],
              [
                128.61959644438585,
                37.769283617219635
              ],
              [
                128.61810904103356,
                37.7697304260732
              ],
              [
                128.61612190282764,
                37.76937154553012
              ],
              [
                128.61520009668868,
                37.769846023291805
              ],
              [
                128.61470028636853,
                37.770575930328526
              ],
              [
                128.61402570504123,
                37.770539045479794
              ],
              [
                128.6130007734507,
                37.7695395325789
              ],
              [
                128.61175046339542,
                37.767675675042376
              ],
              [
                128.61075323113735,
                37.767207931334084
              ],
              [
                128.61040098898187,
                37.766206389552316
              ],
              [
                128.60927921976312,
                37.76632470442693
              ],
              [
                128.6079981251771,
                37.76700008555304
              ],
              [
                128.60758434380296,
                37.76787222203671
              ],
              [
                128.60669215337586,
                37.76837326534107
              ],
              [
                128.60393726381298,
                37.76916847300397
              ],
              [
                128.6024445308121,
                37.76934822186601
              ],
              [
                128.60166645172356,
                37.76993005027565
              ],
              [
                128.60020852058253,
                37.77187573705472
              ],
              [
                128.59879279379908,
                37.77450132624182
              ],
              [
                128.59911091462553,
                37.77726127030574
              ],
              [
                128.59999979768125,
                37.7793401747014
              ],
              [
                128.6009914910947,
                37.78010506935754
              ],
              [
                128.60084547407556,
                37.78103545325097
              ],
              [
                128.60141021719144,
                37.7813332624083
              ],
              [
                128.60110986226215,
                37.78333952373959
              ],
              [
                128.60103165501508,
                37.7871691423726
              ],
              [
                128.60063468946746,
                37.78805907489468
              ],
              [
                128.59998682528834,
                37.7887192829848
              ],
              [
                128.60028363656008,
                37.789614477348465
              ],
              [
                128.5999833106315,
                37.79047867184881
              ],
              [
                128.59978609181888,
                37.791610222291595
              ],
              [
                128.60112021934404,
                37.79278810545612
              ],
              [
                128.60158686561846,
                37.79376896763096
              ],
              [
                128.60088843544963,
                37.795449062198884
              ],
              [
                128.6009506319834,
                37.796426676517825
              ],
              [
                128.60124932479792,
                37.79790465205813
              ],
              [
                128.60068420727242,
                37.79956938533872
              ],
              [
                128.6009450651286,
                37.80054009773916
              ],
              [
                128.60093909043056,
                37.80173893231411
              ],
              [
                128.600607325959,
                37.80234680821725
              ],
              [
                128.5997406437736,
                37.802887063887795
              ],
              [
                128.59880469814388,
                37.80303783113764
              ],
              [
                128.59836790594264,
                37.80351087512332
              ],
              [
                128.59814929795127,
                37.80437786498901
              ],
              [
                128.59863049150215,
                37.80574484253867
              ],
              [
                128.59926777514457,
                37.80630529190394
              ],
              [
                128.59996379852845,
                37.80881604575846
              ],
              [
                128.59890188233484,
                37.809271201157856
              ],
              [
                128.5979483314162,
                37.81003347234701
              ],
              [
                128.59699558449623,
                37.81157312862722
              ],
              [
                128.59560480451927,
                37.81252364439321
              ],
              [
                128.59439633313428,
                37.813843413564946
              ],
              [
                128.59191840496896,
                37.81603790494137
              ],
              [
                128.58960408777034,
                37.81671603064632
              ],
              [
                128.5854961020406,
                37.818540953601826
              ],
              [
                128.58483616644511,
                37.81917158851485
              ],
              [
                128.58413421982348,
                37.82016326832255
              ],
              [
                128.58277373303858,
                37.82134705523544
              ],
              [
                128.58170470723906,
                37.822832600251544
              ],
              [
                128.58138675984458,
                37.82469706843949
              ],
              [
                128.5811339033554,
                37.8252939511883
              ],
              [
                128.5804741523417,
                37.826068820384464
              ],
              [
                128.58058794617386,
                37.826929690823555
              ],
              [
                128.58034547432155,
                37.827993207056544
              ],
              [
                128.5807247172356,
                37.828813366388616
              ],
              [
                128.58121109587913,
                37.83092286723288
              ],
              [
                128.5818524147683,
                37.83198074318205
              ],
              [
                128.58232445578756,
                37.832405299447146
              ],
              [
                128.58196083193735,
                37.8329047483761
              ],
              [
                128.58187840337558,
                37.83448589628431
              ],
              [
                128.5815740604485,
                37.83533466995955
              ],
              [
                128.58201136419927,
                37.83616568939421
              ],
              [
                128.58162810958953,
                37.83768971676812
              ],
              [
                128.58191287113854,
                37.838376203884884
              ],
              [
                128.58256192471526,
                37.838694195371374
              ],
              [
                128.58323717993923,
                37.84035418313615
              ],
              [
                128.58355585394827,
                37.84081744320247
              ],
              [
                128.5830050470005,
                37.84213195995878
              ],
              [
                128.5833956579329,
                37.842666794416886
              ],
              [
                128.58460088052266,
                37.843260255391364
              ],
              [
                128.58528737657755,
                37.844447645764454
              ],
              [
                128.58607186669795,
                37.84522742288302
              ],
              [
                128.58577604464858,
                37.84575898783636
              ],
              [
                128.5860953588302,
                37.84620214298083
              ],
              [
                128.5849337825418,
                37.8481394664623
              ],
              [
                128.58510465523565,
                37.84922989265341
              ],
              [
                128.58559848315386,
                37.84984805175372
              ],
              [
                128.5859249320643,
                37.850972360608694
              ],
              [
                128.5862680306301,
                37.85132790143725
              ],
              [
                128.5872922489898,
                37.85198548252694
              ],
              [
                128.58736516051098,
                37.85303573868577
              ],
              [
                128.5871021579277,
                37.853978646276836
              ],
              [
                128.58751090102658,
                37.85487165327607
              ],
              [
                128.58734532084011,
                37.85568432151275
              ],
              [
                128.58822814321817,
                37.85669123123326
              ],
              [
                128.58821577162914,
                37.8575068345759
              ],
              [
                128.58855631576205,
                37.85843147329696
              ],
              [
                128.58872420113647,
                37.85974918875029
              ],
              [
                128.58877135163465,
                37.86091218588641
              ],
              [
                128.58789752246793,
                37.86204354465849
              ],
              [
                128.58818241783703,
                37.86201867914689
              ],
              [
                128.58978728040162,
                37.86319582725679
              ],
              [
                128.59082650182012,
                37.86429556433659
              ],
              [
                128.5915995462564,
                37.86541516839112
              ],
              [
                128.59197144954948,
                37.86559741582901
              ],
              [
                128.59412872298188,
                37.8657758074134
              ],
              [
                128.59486472142672,
                37.86612095109522
              ],
              [
                128.59769826174963,
                37.86595839884396
              ],
              [
                128.59847010078303,
                37.866891756887405
              ],
              [
                128.5989684441176,
                37.86780190386647
              ],
              [
                128.59963954407993,
                37.868390247040566
              ],
              [
                128.5997957385,
                37.86912998999018
              ],
              [
                128.60117511507318,
                37.87070805758031
              ],
              [
                128.60205109352344,
                37.870659039775774
              ],
              [
                128.6034291561363,
                37.870854282373976
              ],
              [
                128.60410040675904,
                37.870793673625855
              ],
              [
                128.60517742214904,
                37.87091474117552
              ],
              [
                128.60573690788777,
                37.87038211528542
              ],
              [
                128.60698042548472,
                37.870350872929926
              ],
              [
                128.60963351336633,
                37.87106100473925
              ],
              [
                128.61029072950112,
                37.87144011542121
              ],
              [
                128.6118035648321,
                37.87110034396191
              ],
              [
                128.61330926021165,
                37.87158585097525
              ],
              [
                128.61421056365535,
                37.87141085718558
              ],
              [
                128.61552462293872,
                37.87200590796479
              ],
              [
                128.6171282635475,
                37.872058336480755
              ],
              [
                128.61763006779384,
                37.87189679595102
              ],
              [
                128.6183525231923,
                37.871918519453175
              ],
              [
                128.61907929358418,
                37.87176738070786
              ],
              [
                128.62076600464766,
                37.8723514202617
              ],
              [
                128.62127380611517,
                37.87322215033192
              ],
              [
                128.62150643568276,
                37.87422265315417
              ],
              [
                128.6219781777982,
                37.87422379643321
              ],
              [
                128.6235114339815,
                37.87495534374003
              ],
              [
                128.6236994504861,
                37.87575387993081
              ],
              [
                128.62349552225956,
                37.87757750479674
              ],
              [
                128.6231985664665,
                37.8780641917774
              ],
              [
                128.62354569733628,
                37.87844416848131
              ],
              [
                128.62464531356676,
                37.87878667089512
              ],
              [
                128.62501183667317,
                37.87912616319701
              ],
              [
                128.62356107539892,
                37.880519641402216
              ],
              [
                128.62395610539457,
                37.88081549698161
              ],
              [
                128.62435576937793,
                37.88164541383649
              ],
              [
                128.62559200104843,
                37.8823946399353
              ],
              [
                128.62676533373107,
                37.88251935840566
              ],
              [
                128.62767961119457,
                37.88414465213161
              ],
              [
                128.6284810159907,
                37.884987749063896
              ],
              [
                128.62975804154652,
                37.88563059692217
              ],
              [
                128.63061867463009,
                37.885667438987
              ],
              [
                128.6312105075013,
                37.88632707501109
              ],
              [
                128.63209927619994,
                37.8864952520299
              ],
              [
                128.6333023715678,
                37.887223823644256
              ],
              [
                128.6347957406538,
                37.88761674319625
              ],
              [
                128.6350363290926,
                37.88797006438836
              ],
              [
                128.6350818546325,
                37.888349130406155
              ],
              [
                128.635701791591,
                37.88914474620771
              ],
              [
                128.63683862785098,
                37.88974741319612
              ],
              [
                128.63715348374035,
                37.89019199948224
              ],
              [
                128.63797254827253,
                37.89081505966452
              ],
              [
                128.6388256585595,
                37.89178907901225
              ],
              [
                128.63731102481734,
                37.89175202305012
              ],
              [
                128.63742545553188,
                37.89199529602828
              ],
              [
                128.63903066641865,
                37.89199543889405
              ],
              [
                128.63942452016252,
                37.89237783645769
              ],
              [
                128.64110785897068,
                37.89348674620518
              ],
              [
                128.64199496825194,
                37.89438081638239
              ],
              [
                128.64293790948432,
                37.89488581924595
              ],
              [
                128.64341339201684,
                37.89432757925439
              ],
              [
                128.64537620979226,
                37.893656526814496
              ],
              [
                128.64513441949308,
                37.892970111759894
              ],
              [
                128.64603768995218,
                37.89232317890562
              ],
              [
                128.64679503891426,
                37.8919800991513
              ],
              [
                128.64748517295203,
                37.891439462572244
              ],
              [
                128.64777262211064,
                37.89092897404459
              ],
              [
                128.65086412240782,
                37.8906410589859
              ],
              [
                128.65216429718708,
                37.890888060046905
              ],
              [
                128.65388674150196,
                37.890781046765845
              ],
              [
                128.6562971619643,
                37.89144239933966
              ],
              [
                128.65650473312434,
                37.8916164559106
              ],
              [
                128.65976473496684,
                37.891772952906386
              ],
              [
                128.66418525746846,
                37.890783890307674
              ],
              [
                128.6648314136924,
                37.89050370230312
              ],
              [
                128.66524426986473,
                37.88917782228061
              ],
              [
                128.6660776863106,
                37.88810055460621
              ],
              [
                128.66618616432714,
                37.88739502540205
              ],
              [
                128.66671459080777,
                37.886708538632575
              ],
              [
                128.66669710965508,
                37.88588204215063
              ],
              [
                128.66707538605314,
                37.88572931857924
              ],
              [
                128.66918403913542,
                37.88581680689188
              ],
              [
                128.66958527682343,
                37.88590117640466
              ],
              [
                128.6698205188828,
                37.88623288848908
              ],
              [
                128.6713325047343,
                37.88646733717371
              ],
              [
                128.67207573002588,
                37.887585940592196
              ],
              [
                128.67527840579254,
                37.88895389465452
              ],
              [
                128.67633977597146,
                37.88981918007575
              ],
              [
                128.67704477952137,
                37.88971698622622
              ],
              [
                128.6786714365423,
                37.8902620200956
              ],
              [
                128.68012507384628,
                37.88997945508525
              ],
              [
                128.68134926402925,
                37.890175501147525
              ],
              [
                128.68165787507533,
                37.89032855321237
              ],
              [
                128.6828283891799,
                37.889905936517536
              ],
              [
                128.68416267431672,
                37.89055247605109
              ],
              [
                128.6856057621467,
                37.8917588726999
              ],
              [
                128.6857862219684,
                37.892033908007406
              ],
              [
                128.68663876660955,
                37.89246471260275
              ],
              [
                128.68712851913025,
                37.89238879341069
              ],
              [
                128.688285626699,
                37.89256830827925
              ],
              [
                128.68913040937738,
                37.89251100128113
              ],
              [
                128.68980241076156,
                37.892814992541176
              ],
              [
                128.69124225628266,
                37.892913980336004
              ],
              [
                128.6934930782985,
                37.894189273806255
              ],
              [
                128.69441289773707,
                37.89534176629084
              ],
              [
                128.6955077177686,
                37.89565671953043
              ],
              [
                128.69613099511844,
                37.896047289974405
              ],
              [
                128.69658061371155,
                37.896024607819946
              ],
              [
                128.69811349062658,
                37.8967704529695
              ],
              [
                128.6994210591982,
                37.897201498950324
              ],
              [
                128.70216485719837,
                37.898405175839244
              ],
              [
                128.70402235467128,
                37.89816734429983
              ],
              [
                128.70448223841655,
                37.8978704042534
              ],
              [
                128.70750401319262,
                37.897969048248626
              ],
              [
                128.7088117952887,
                37.89728592092524
              ],
              [
                128.71059906109156,
                37.89805036270346
              ],
              [
                128.7114647248316,
                37.89813049295847
              ],
              [
                128.71336913483185,
                37.89875474346313
              ],
              [
                128.71325899150136,
                37.899680463972004
              ],
              [
                128.71404922217226,
                37.90011864731711
              ],
              [
                128.7156724179859,
                37.90153860882993
              ],
              [
                128.71752610013309,
                37.902137298392326
              ],
              [
                128.71759314513392,
                37.90260901840682
              ],
              [
                128.71860799792265,
                37.903483026242576
              ],
              [
                128.7192003626785,
                37.90279393614782
              ],
              [
                128.72331051865652,
                37.901890994504036
              ],
              [
                128.72371635565523,
                37.90219202743315
              ],
              [
                128.7245201786044,
                37.90230680896334
              ],
              [
                128.72516726243387,
                37.90257474543414
              ],
              [
                128.72704798759912,
                37.90267344685962
              ],
              [
                128.72778076786574,
                37.90182457156618
              ],
              [
                128.72909915721854,
                37.901013950645485
              ],
              [
                128.7324105476021,
                37.899876983564155
              ],
              [
                128.7346335365016,
                37.90105210764434
              ],
              [
                128.7350388007036,
                37.90113568664249
              ],
              [
                128.73544720334755,
                37.9017910498974
              ],
              [
                128.73542710827982,
                37.902537465280524
              ],
              [
                128.73638022629947,
                37.90341455915599
              ],
              [
                128.73888075718403,
                37.90378316094062
              ],
              [
                128.739725232933,
                37.90352655496058
              ],
              [
                128.74094037219595,
                37.9034509961314
              ],
              [
                128.74220997696352,
                37.90405145324693
              ],
              [
                128.74380015404748,
                37.90389701184995
              ],
              [
                128.74466027459346,
                37.904208579387046
              ],
              [
                128.74507274044808,
                37.90518058752228
              ],
              [
                128.74560898016816,
                37.905596536028035
              ],
              [
                128.74604510092436,
                37.90614905372409
              ],
              [
                128.7461098581205,
                37.90646458447488
              ],
              [
                128.74600940019178,
                37.90684849794711
              ],
              [
                128.7464590580084,
                37.90738260126221
              ],
              [
                128.7462814332431,
                37.90829104286871
              ],
              [
                128.74660213490083,
                37.90919624893685
              ],
              [
                128.7469438042203,
                37.90951330645844
              ],
              [
                128.7473767728688,
                37.909771927354086
              ],
              [
                128.74860882647727,
                37.909543230345584
              ],
              [
                128.74973293064076,
                37.91001375687344
              ],
              [
                128.75219076626973,
                37.91075355683953
              ],
              [
                128.75263905356928,
                37.91168776521001
              ],
              [
                128.75369924379063,
                37.91225182473569
              ],
              [
                128.75555726061606,
                37.91255211156464
              ],
              [
                128.75694950702342,
                37.912316094208435
              ],
              [
                128.75735299484026,
                37.911790245937254
              ],
              [
                128.75729683652628,
                37.91148228925578
              ],
              [
                128.75823885174054,
                37.910747825608944
              ],
              [
                128.75938098731552,
                37.91045627809464
              ],
              [
                128.7599876311659,
                37.91006576229451
              ],
              [
                128.76135427571774,
                37.91008541538803
              ],
              [
                128.76242479486496,
                37.909822080561966
              ],
              [
                128.76392192671096,
                37.91032797791784
              ],
              [
                128.7645782992525,
                37.91022689190539
              ],
              [
                128.76463008839073,
                37.91002704276525
              ],
              [
                128.76485088172714,
                37.90995362834164
              ],
              [
                128.7658106327137,
                37.9102420244437
              ],
              [
                128.76633006268628,
                37.910196269009994
              ],
              [
                128.7670904955888,
                37.910598674887154
              ],
              [
                128.76771459385193,
                37.910497705304486
              ],
              [
                128.76880450911204,
                37.91065257376065
              ],
              [
                128.77007930310944,
                37.910017000584496
              ],
              [
                128.77035224419672,
                37.90974958102271
              ],
              [
                128.77143937375442,
                37.910811813827095
              ],
              [
                128.77314281223877,
                37.91106321279289
              ],
              [
                128.7738489059416,
                37.91026111838078
              ],
              [
                128.77553471193374,
                37.91011552389264
              ],
              [
                128.77681946859545,
                37.91079967582958
              ],
              [
                128.7767922491479,
                37.911250766804386
              ],
              [
                128.7776754443324,
                37.912390393038976
              ],
              [
                128.77791254349427,
                37.91278880442291
              ],
              [
                128.77793900438144,
                37.91314613817055
              ],
              [
                128.77831775044163,
                37.9134106776081
              ],
              [
                128.77883763790106,
                37.91344436631831
              ],
              [
                128.77977472976855,
                37.91327572391336
              ],
              [
                128.78077751499,
                37.91345628224221
              ],
              [
                128.7818799812997,
                37.91412584693284
              ],
              [
                128.78247384324686,
                37.91411964713188
              ],
              [
                128.78279643218661,
                37.91426152255648
              ],
              [
                128.78301194694376,
                37.9146906053176
              ],
              [
                128.7849848940888,
                37.914481144821735
              ],
              [
                128.78630957717903,
                37.91339500282653
              ],
              [
                128.78666967002877,
                37.913284359308506
              ],
              [
                128.7882984119143,
                37.91302416740732
              ],
              [
                128.78970070805065,
                37.91332716114794
              ],
              [
                128.79126796994615,
                37.91266945134448
              ],
              [
                128.79215308671053,
                37.91270230965853
              ],
              [
                128.7931488557055,
                37.912205481651604
              ],
              [
                128.79484098311082,
                37.91244079830316
              ],
              [
                128.79603001464503,
                37.91213997710378
              ],
              [
                128.79643500866067,
                37.91238842250386
              ],
              [
                128.7965044362271,
                37.912829740113814
              ],
              [
                128.79723016281866,
                37.91302169384543
              ],
              [
                128.7983991874933,
                37.91268911012621
              ],
              [
                128.79951416589358,
                37.912987724884836
              ],
              [
                128.8007921743759,
                37.91314189013135
              ],
              [
                128.80201846966608,
                37.91296320269536
              ],
              [
                128.80342862911547,
                37.91300920785631
              ],
              [
                128.80434809884605,
                37.913663911356586
              ],
              [
                128.80436485871178,
                37.91382668423601
              ],
              [
                128.8055099320997,
                37.91500478471736
              ],
              [
                128.80574613196873,
                37.91552342227353
              ],
              [
                128.80600192118953,
                37.915692916804566
              ],
              [
                128.80648367578075,
                37.9156478135567
              ],
              [
                128.80691710645493,
                37.91584985379502
              ],
              [
                128.80755974663447,
                37.91647080239428
              ],
              [
                128.80817534798845,
                37.91664221801122
              ],
              [
                128.80958904771327,
                37.917363153031026
              ],
              [
                128.8116926684833,
                37.915659519937954
              ],
              [
                128.81411066915183,
                37.91409133670128
              ],
              [
                128.81515404314223,
                37.91355164894783
              ],
              [
                128.81516845252816,
                37.91338888188141
              ],
              [
                128.815936481209,
                37.91281077641188
              ],
              [
                128.81679131349279,
                37.91269935124005
              ],
              [
                128.81861956949635,
                37.9117447561025
              ],
              [
                128.81965828490428,
                37.910516129869315
              ],
              [
                128.8217758786212,
                37.908946160659056
              ],
              [
                128.823489423062,
                37.90742161621698
              ],
              [
                128.8242363830341,
                37.90724482691694
              ],
              [
                128.82633145910125,
                37.90723598154813
              ],
              [
                128.82828865019277,
                37.90681530350014
              ],
              [
                128.8284823470294,
                37.907196332914395
              ],
              [
                128.82911147023233,
                37.906974670958
              ],
              [
                128.82915601581334,
                37.9068746512393
              ],
              [
                128.82903502498115,
                37.90687192434286
              ],
              [
                128.8292647112966,
                37.90663011618768
              ],
              [
                128.8289900022539,
                37.90651880861413
              ],
              [
                128.82953794216644,
                37.90611156764813
              ],
              [
                128.8297581541555,
                37.90612348426226
              ],
              [
                128.82993497023136,
                37.90592711288368
              ],
              [
                128.83009360789117,
                37.906419975828754
              ],
              [
                128.8302388294883,
                37.90626068555325
              ],
              [
                128.8301367747105,
                37.90616851539496
              ],
              [
                128.83045970710393,
                37.906142497661165
              ],
              [
                128.8305103731511,
                37.90585346993471
              ],
              [
                128.830651744891,
                37.905750238788585
              ],
              [
                128.83023252852723,
                37.90561388541749
              ],
              [
                128.83097388071448,
                37.904521549824494
              ],
              [
                128.83186971500606,
                37.903818654636886
              ],
              [
                128.83082933136689,
                37.90448059094052
              ],
              [
                128.83048748895018,
                37.904942500203134
              ],
              [
                128.8295161948553,
                37.90456099783448
              ],
              [
                128.8296109854701,
                37.903898515720336
              ],
              [
                128.83040980210373,
                37.90393727579601
              ],
              [
                128.83042136715986,
                37.90381391838825
              ],
              [
                128.83078916667574,
                37.903832777516726
              ],
              [
                128.82924940346132,
                37.90370496144875
              ],
              [
                128.8297805008906,
                37.90241855166437
              ],
              [
                128.8301196493499,
                37.90210513269649
              ],
              [
                128.830755015367,
                37.90197546544524
              ],
              [
                128.83110624545347,
                37.90172552311142
              ],
              [
                128.83159089158687,
                37.90179584818029
              ],
              [
                128.8316893839838,
                37.90133359358403
              ],
              [
                128.83128085821258,
                37.90131957046188
              ],
              [
                128.83153653966852,
                37.90089253558424
              ],
              [
                128.83213045305988,
                37.90063728247875
              ],
              [
                128.83210801854432,
                37.900895954199484
              ],
              [
                128.8322361277938,
                37.90090898587636
              ],
              [
                128.8323920948547,
                37.90082202643171
              ],
              [
                128.8323477792867,
                37.900646271055635
              ],
              [
                128.83247241074417,
                37.90049448909792
              ],
              [
                128.83271837188693,
                37.90039135147107
              ],
              [
                128.83291087856276,
                37.90059404988618
              ],
              [
                128.8335392310287,
                37.900560838839574
              ],
              [
                128.83374066553287,
                37.90035797388307
              ],
              [
                128.83373293911222,
                37.900200488105725
              ],
              [
                128.8342357855215,
                37.8999271838583
              ],
              [
                128.83444677724873,
                37.89954373842392
              ],
              [
                128.8344657660795,
                37.898964652027765
              ],
              [
                128.8340618699546,
                37.89892508554758
              ],
              [
                128.83407272713,
                37.898840133612076
              ],
              [
                128.83470525550334,
                37.897715580942084
              ],
              [
                128.83471583111904,
                37.8974627839016
              ],
              [
                128.83456146095284,
                37.897219609258805
              ],
              [
                128.83398287757376,
                37.896897026378454
              ],
              [
                128.83387323513594,
                37.89631914410911
              ],
              [
                128.83434278522756,
                37.89569533605236
              ],
              [
                128.83427761314246,
                37.89516456415763
              ],
              [
                128.8343875888561,
                37.8951381336875
              ],
              [
                128.8342690006475,
                37.894966282555266
              ],
              [
                128.83438119313826,
                37.89482918404575
              ],
              [
                128.8341228635608,
                37.89451935383692
              ],
              [
                128.83417945381194,
                37.89430533543554
              ],
              [
                128.83374916679216,
                37.89409331787698
              ],
              [
                128.83384370678817,
                37.8939245087122
              ],
              [
                128.83343102723666,
                37.893205151845365
              ],
              [
                128.832880425634,
                37.892647800835014
              ],
              [
                128.83247603364387,
                37.8914186204179
              ],
              [
                128.8325211689918,
                37.89068148343232
              ],
              [
                128.83316342177707,
                37.88765224083045
              ],
              [
                128.83402507198772,
                37.886167668441836
              ],
              [
                128.83476872318116,
                37.88595032752898
              ],
              [
                128.83472528032823,
                37.88585773953371
              ],
              [
                128.83394517144168,
                37.8860861909198
              ],
              [
                128.83297498519224,
                37.88776799408848
              ],
              [
                128.83236079841546,
                37.891400670356184
              ],
              [
                128.83276976858704,
                37.89270515813883
              ],
              [
                128.8326518056947,
                37.89284520196149
              ],
              [
                128.8332273865893,
                37.89351637820208
              ],
              [
                128.83300362426436,
                37.89448962055453
              ],
              [
                128.8323422248361,
                37.89457396361017
              ],
              [
                128.83161636380848,
                37.894424975149654
              ],
              [
                128.83039386049532,
                37.89380699881138
              ],
              [
                128.82979738220138,
                37.89332284003706
              ],
              [
                128.8299691500172,
                37.89319668889708
              ],
              [
                128.82947105136574,
                37.89273256447191
              ],
              [
                128.83078115607452,
                37.892018145151766
              ],
              [
                128.8307582466793,
                37.891566093211935
              ],
              [
                128.82955276494303,
                37.89158596983836
              ],
              [
                128.829448012033,
                37.8891354985703
              ],
              [
                128.82843845604742,
                37.889062114620835
              ],
              [
                128.82873427954152,
                37.88800541479975
              ],
              [
                128.83142057544015,
                37.88789465558766
              ],
              [
                128.83031692510573,
                37.887853180118675
              ],
              [
                128.8302455959768,
                37.88588324543739
              ],
              [
                128.83134223984953,
                37.8860470319323
              ],
              [
                128.83184985253828,
                37.88713611698592
              ],
              [
                128.8319767908413,
                37.88709910010765
              ],
              [
                128.83146828785752,
                37.886005942062134
              ],
              [
                128.83167576783302,
                37.88580892691924
              ],
              [
                128.83160689580995,
                37.88573778848183
              ],
              [
                128.83125402631205,
                37.88586463538817
              ],
              [
                128.82954010394997,
                37.88563173779386
              ],
              [
                128.8300885848935,
                37.884481551910554
              ],
              [
                128.83156798004674,
                37.88483462184049
              ],
              [
                128.8301126758448,
                37.88443103528556
              ],
              [
                128.83023893287537,
                37.88416629784042
              ],
              [
                128.8311149774137,
                37.88296909447408
              ],
              [
                128.83330526824088,
                37.884225235152236
              ],
              [
                128.8361038768523,
                37.88666054755267
              ],
              [
                128.83713459926543,
                37.88455982991389
              ],
              [
                128.8334388077331,
                37.88423713810544
              ],
              [
                128.83121586195853,
                37.88296377175866
              ],
              [
                128.83245949458694,
                37.88124015664539
              ],
              [
                128.83345723108752,
                37.881687586475344
              ],
              [
                128.8325505910323,
                37.88117955507566
              ],
              [
                128.83309424698598,
                37.88045083407005
              ],
              [
                128.8335693773227,
                37.88068165797298
              ],
              [
                128.83312927236537,
                37.88040400826769
              ],
              [
                128.83374948090074,
                37.87970116048782
              ],
              [
                128.83424364101697,
                37.879960073097024
              ],
              [
                128.8337646147391,
                37.87968401013576
              ],
              [
                128.83440305911643,
                37.878964030896974
              ],
              [
                128.83492582323345,
                37.87923945946963
              ],
              [
                128.83442100871054,
                37.87894310951561
              ],
              [
                128.83486851070947,
                37.878473615194174
              ],
              [
                128.83478097850136,
                37.87841767800277
              ],
              [
                128.83646250627694,
                37.87664253708973
              ],
              [
                128.8380005205927,
                37.87529686703352
              ],
              [
                128.83913813150696,
                37.874002465097114
              ],
              [
                128.8431529172228,
                37.870636278218974
              ],
              [
                128.8440757725164,
                37.87015814291625
              ],
              [
                128.84526847570478,
                37.86900979678009
              ],
              [
                128.84658575112704,
                37.868390932760214
              ],
              [
                128.84649224905655,
                37.86875566414128
              ],
              [
                128.8472172610707,
                37.86878588815497
              ],
              [
                128.848440979926,
                37.8683113827801
              ],
              [
                128.84872034080857,
                37.867662130401946
              ],
              [
                128.84928116056824,
                37.86758488035269
              ],
              [
                128.84954692442565,
                37.86733144630757
              ],
              [
                128.85023366999255,
                37.865972006990184
              ],
              [
                128.8494884560922,
                37.86729659445612
              ],
              [
                128.8493554312385,
                37.867423824842305
              ],
              [
                128.84858408097378,
                37.86755553420328
              ],
              [
                128.84826902951997,
                37.8674000994334
              ],
              [
                128.84867145997208,
                37.866501635382
              ],
              [
                128.84931798255045,
                37.866330699257425
              ],
              [
                128.84815270903505,
                37.866381180522595
              ],
              [
                128.84789292971948,
                37.86618186873795
              ],
              [
                128.84698994472947,
                37.86588241207819
              ],
              [
                128.84684801668297,
                37.86571747939366
              ],
              [
                128.84688307307206,
                37.864821682315075
              ],
              [
                128.84805079994044,
                37.863352114967356
              ],
              [
                128.84737648371848,
                37.86272515994694
              ],
              [
                128.84732707384092,
                37.86240829670639
              ],
              [
                128.84918396571342,
                37.862005154308775
              ],
              [
                128.84994897359846,
                37.86168993761015
              ],
              [
                128.8503308260286,
                37.86169986141879
              ],
              [
                128.85061676743328,
                37.861882425943556
              ],
              [
                128.85253362321436,
                37.86016711074625
              ],
              [
                128.8527528526044,
                37.86013248539395
              ],
              [
                128.85806536793558,
                37.85519537412149
              ],
              [
                128.86778091027625,
                37.84748819923158
              ],
              [
                128.86761723802644,
                37.847359880775805
              ],
              [
                128.86953379081473,
                37.845994192915
              ],
              [
                128.87011164842517,
                37.84585953514558
              ],
              [
                128.87071018003047,
                37.845436450717074
              ],
              [
                128.87555189434676,
                37.84128080890729
              ],
              [
                128.8763747844889,
                37.84073919934131
              ],
              [
                128.87748248094132,
                37.8412782813602
              ],
              [
                128.87786652478508,
                37.84107847691179
              ],
              [
                128.87764125718212,
                37.84090589810616
              ],
              [
                128.8773455090338,
                37.84111946231951
              ],
              [
                128.87666809083828,
                37.840525950295124
              ],
              [
                128.876962737891,
                37.84016299162886
              ],
              [
                128.87706522789753,
                37.83969293196068
              ],
              [
                128.87734612856744,
                37.83946925312814
              ],
              [
                128.87703511809653,
                37.839607670578516
              ],
              [
                128.87678295881577,
                37.839230600807745
              ],
              [
                128.87661887330754,
                37.83835856262626
              ],
              [
                128.87671012823037,
                37.83813088197416
              ],
              [
                128.8765919032411,
                37.83800869632777
              ],
              [
                128.8766396926539,
                37.83784217993811
              ],
              [
                128.87671013754678,
                37.83797028819057
              ],
              [
                128.87789111825956,
                37.837955992538454
              ],
              [
                128.87787585771443,
                37.83810112808233
              ],
              [
                128.87796966828517,
                37.838102749137434
              ],
              [
                128.87796353140692,
                37.83789302026405
              ],
              [
                128.87669724846958,
                37.83792697501895
              ],
              [
                128.8773478958029,
                37.83756804084449
              ],
              [
                128.8788637313591,
                37.836320925637075
              ],
              [
                128.87879713740008,
                37.834881890191774
              ],
              [
                128.87923088219299,
                37.83428014806564
              ],
              [
                128.87911930954309,
                37.83427871677639
              ],
              [
                128.87870239086425,
                37.834878557021504
              ],
              [
                128.87880414049394,
                37.836010063782936
              ],
              [
                128.87719542104185,
                37.83735705837114
              ],
              [
                128.87587881197283,
                37.83749028961763
              ],
              [
                128.87558683732854,
                37.83462064998347
              ],
              [
                128.87684692665212,
                37.83456167222929
              ],
              [
                128.87756088351307,
                37.834054453627196
              ],
              [
                128.87681250343465,
                37.83452982332779
              ],
              [
                128.8755636437693,
                37.83458544318153
              ],
              [
                128.87438112386178,
                37.833952320030455
              ],
              [
                128.87464159548557,
                37.833617106068374
              ],
              [
                128.87503231837198,
                37.833398713202534
              ],
              [
                128.8752896705778,
                37.83355135758293
              ],
              [
                128.87564953783328,
                37.8332532137399
              ],
              [
                128.8757811252005,
                37.83336794583584
              ],
              [
                128.87593532627028,
                37.83324358137943
              ],
              [
                128.87687849662638,
                37.831563126402415
              ],
              [
                128.87737527195327,
                37.831109158874646
              ],
              [
                128.8786222290662,
                37.829425162050114
              ],
              [
                128.88198317241407,
                37.826307591222125
              ],
              [
                128.88513478184998,
                37.823621072467326
              ],
              [
                128.88850683561972,
                37.82128135614171
              ],
              [
                128.8891645895007,
                37.820535665719625
              ],
              [
                128.8911355752544,
                37.81892693728358
              ],
              [
                128.8910402212497,
                37.81877298363748
              ],
              [
                128.89115884731183,
                37.81896451068746
              ],
              [
                128.8915747268348,
                37.818829531876226
              ],
              [
                128.8913445793886,
                37.81861717912608
              ],
              [
                128.8915595987205,
                37.81863057897389
              ],
              [
                128.89272627512653,
                37.81749512273911
              ],
              [
                128.89418928292227,
                37.81626049621054
              ],
              [
                128.89472414603824,
                37.81597127273685
              ],
              [
                128.8947489273503,
                37.81575799516834
              ],
              [
                128.89653889620416,
                37.81431333504625
              ],
              [
                128.89750209108928,
                37.81370368726462
              ],
              [
                128.89831553723047,
                37.81431624750529
              ],
              [
                128.89753374427812,
                37.81367763268475
              ],
              [
                128.89755470323158,
                37.81355179735671
              ],
              [
                128.89884742438207,
                37.812816656110364
              ],
              [
                128.89911201824367,
                37.812544844279536
              ],
              [
                128.89949057787825,
                37.812738372732895
              ],
              [
                128.89977033120581,
                37.81268071059601
              ],
              [
                128.89960066543242,
                37.8124585515547
              ],
              [
                128.8992119909712,
                37.81238663404987
              ],
              [
                128.89957704490303,
                37.811714732887694
              ],
              [
                128.9000329595609,
                37.81194212122307
              ],
              [
                128.89965048813391,
                37.81163862100213
              ],
              [
                128.9013688840424,
                37.81020631162446
              ],
              [
                128.90160408516468,
                37.80990644046955
              ],
              [
                128.9014773110783,
                37.80981932798319
              ],
              [
                128.90156612935473,
                37.80966523256084
              ],
              [
                128.90192373238887,
                37.809636407697255
              ],
              [
                128.90328040011096,
                37.80858412729944
              ],
              [
                128.90792124870484,
                37.80561899929824
              ],
              [
                128.91439009849302,
                37.79950204211893
              ],
              [
                128.91508974160325,
                37.79891947860692
              ],
              [
                128.91590869991293,
                37.79854910008294
              ],
              [
                128.9158764449864,
                37.798340469900545
              ],
              [
                128.91630221345144,
                37.79796732447381
              ],
              [
                128.91644574477644,
                37.79764741855979
              ],
              [
                128.91705859038206,
                37.7979293264083
              ],
              [
                128.91649685939598,
                37.79757940644566
              ],
              [
                128.9168623948102,
                37.796950921254
              ],
              [
                128.91759297962153,
                37.797331367107994
              ],
              [
                128.91791503531974,
                37.797383391925976
              ],
              [
                128.91832930199786,
                37.79694574969377
              ],
              [
                128.917886860702,
                37.79733765754554
              ],
              [
                128.91762050806435,
                37.7973057816174
              ],
              [
                128.9170322081618,
                37.79692827606608
              ],
              [
                128.9189412722148,
                37.794924908541184
              ],
              [
                128.92217250245986,
                37.792126567324765
              ],
              [
                128.92486548589392,
                37.79013429471661
              ],
              [
                128.92698626410626,
                37.78832377229986
              ],
              [
                128.92850810967985,
                37.78739185838647
              ],
              [
                128.9300594369774,
                37.78619671043107
              ],
              [
                128.93492248544737,
                37.78204881202505
              ],
              [
                128.9409827066498,
                37.77754373226024
              ],
              [
                128.94580641755715,
                37.77372860398931
              ],
              [
                128.9461530948482,
                37.77363619404566
              ],
              [
                128.94608521519478,
                37.77356569825553
              ],
              [
                128.94705564296584,
                37.77302234197727
              ],
              [
                128.94865244832235,
                37.77161041292721
              ],
              [
                128.94994484304522,
                37.77095338572578
              ],
              [
                128.95042244587873,
                37.77216565216021
              ],
              [
                128.95132680079516,
                37.772964091037785
              ],
              [
                128.95458310942905,
                37.77303092388475
              ],
              [
                128.95704941328876,
                37.77107719902902
              ],
              [
                128.9568813090231,
                37.77101874438572
              ],
              [
                128.95452252093503,
                37.77292401013907
              ],
              [
                128.95311251227943,
                37.77289563570695
              ],
              [
                128.9531178554054,
                37.77276077357782
              ],
              [
                128.95193723137683,
                37.77284682861886
              ],
              [
                128.9511372744254,
                37.7721426612406
              ],
              [
                128.95199194890458,
                37.7715232638781
              ],
              [
                128.9515984434742,
                37.77119865392963
              ],
              [
                128.95335469246834,
                37.76985381346309
              ],
              [
                128.95454204534525,
                37.76985393248333
              ],
              [
                128.95505669718295,
                37.77108019603535
              ],
              [
                128.95521492141341,
                37.771018002145276
              ],
              [
                128.95447677280808,
                37.76940543659016
              ],
              [
                128.95272294908935,
                37.76940409261563
              ],
              [
                128.95167301420005,
                37.76908424546603
              ],
              [
                128.95111464110474,
                37.769118325408655
              ],
              [
                128.95078423391212,
                37.76932503454938
              ],
              [
                128.95005509278428,
                37.76866729824064
              ],
              [
                128.95002074878047,
                37.768503543106526
              ],
              [
                128.95135464358964,
                37.76689947588075
              ],
              [
                128.95134965318482,
                37.76711291079253
              ],
              [
                128.9516510866566,
                37.76697176848586
              ],
              [
                128.95437786407675,
                37.764464469188454
              ],
              [
                128.95470067158058,
                37.76441702727626
              ],
              [
                128.95609767622773,
                37.76371619566861
              ],
              [
                128.95826386586728,
                37.76192283199426
              ],
              [
                128.95866716966282,
                37.76130046158803
              ],
              [
                128.9672235242151,
                37.75319676786889
              ],
              [
                128.9675867606574,
                37.753251011754415
              ],
              [
                128.97006608471256,
                37.752463169961125
              ],
              [
                128.9733139031429,
                37.75063348311008
              ],
              [
                128.9747581739311,
                37.7494947169411
              ],
              [
                128.97611936397928,
                37.747632659219406
              ],
              [
                128.97760448135185,
                37.74660217997518
              ],
              [
                128.97757912066484,
                37.74632583188163
              ],
              [
                128.97882001772132,
                37.74561187616144
              ],
              [
                128.98353157856522,
                37.74212074119633
              ],
              [
                128.98487712156714,
                37.74126560135433
              ],
              [
                128.98635624127115,
                37.74238783249974
              ],
              [
                128.98455200397407,
                37.74097391343304
              ],
              [
                128.98527677334343,
                37.74045451160847
              ],
              [
                128.98803974109777,
                37.73964980506394
              ],
              [
                128.98883894749176,
                37.73996682545088
              ],
              [
                128.98893834428358,
                37.74016329100709
              ],
              [
                128.98927658756344,
                37.74019918496537
              ],
              [
                128.98920458768674,
                37.73973515467944
              ],
              [
                128.98896464618548,
                37.739807206357945
              ],
              [
                128.98842970421984,
                37.739494505063064
              ],
              [
                128.98908599094838,
                37.739154174439356
              ],
              [
                128.9889631350432,
                37.73733717153207
              ],
              [
                128.98880615800465,
                37.73699342827777
              ],
              [
                128.98965350079638,
                37.73700967096387
              ],
              [
                128.99136227841714,
                37.736042088201565
              ],
              [
                128.99187639179738,
                37.73599375871068
              ],
              [
                128.99129865599065,
                37.735970050685914
              ],
              [
                128.98980494517374,
                37.736851837391704
              ],
              [
                128.9889262253758,
                37.7368299163756
              ],
              [
                128.98896199026908,
                37.73612292539336
              ],
              [
                128.98989471337927,
                37.73535040910262
              ],
              [
                128.99054954710363,
                37.73579849393988
              ],
              [
                128.99075435203383,
                37.73579851283983
              ],
              [
                128.98944734387297,
                37.73490696398418
              ],
              [
                128.9904203918434,
                37.73364882813984
              ],
              [
                128.990427734174,
                37.733935614546986
              ],
              [
                128.99012630933774,
                37.73433861378457
              ],
              [
                128.9900670128255,
                37.73470134493279
              ],
              [
                128.9903759602378,
                37.73475584682001
              ],
              [
                128.99054070069195,
                37.73463086262599
              ],
              [
                128.99044826510374,
                37.7343320854767
              ],
              [
                128.99060137862935,
                37.73426967201061
              ],
              [
                128.99057292673257,
                37.733654527497016
              ],
              [
                128.99043041278372,
                37.73362266510092
              ],
              [
                128.9905900410512,
                37.73360639060145
              ],
              [
                128.9906338319342,
                37.733284237092796
              ],
              [
                128.99050190922767,
                37.73320946286051
              ],
              [
                128.990991258899,
                37.73254115472074
              ],
              [
                128.99115342624984,
                37.73260302927909
              ],
              [
                128.9911484828043,
                37.7325030939429
              ],
              [
                128.9912782487874,
                37.73250088892875
              ],
              [
                128.9913532278438,
                37.73262573296481
              ],
              [
                128.99132668725682,
                37.73226038084682
              ],
              [
                128.99117882733134,
                37.73218475907248
              ],
              [
                128.99146415704655,
                37.732078857464224
              ],
              [
                128.99144043818924,
                37.73189974382247
              ],
              [
                128.9913367735015,
                37.73191964620564
              ],
              [
                128.99195361231764,
                37.7308179721835
              ],
              [
                128.9921195696239,
                37.730847843496456
              ],
              [
                128.992153726371,
                37.7311154775771
              ],
              [
                128.99235906755587,
                37.731169830868815
              ],
              [
                128.99218212545614,
                37.73080324174429
              ],
              [
                128.99223590322651,
                37.73065046952279
              ],
              [
                128.9923207625368,
                37.730775394848315
              ],
              [
                128.99223863245842,
                37.730596808318275
              ],
              [
                128.99210117018288,
                37.73057666085664
              ],
              [
                128.99222661906646,
                37.730417461460576
              ],
              [
                128.9924005550125,
                37.73059376670134
              ],
              [
                128.99254913176875,
                37.73044768678858
              ],
              [
                128.99258875159086,
                37.730199438149214
              ],
              [
                128.9924066622924,
                37.73018898202318
              ],
              [
                128.99347478761302,
                37.728989281830025
              ],
              [
                128.99354140156413,
                37.729371862828536
              ],
              [
                128.99357850810844,
                37.72925261370684
              ],
              [
                128.99375869559944,
                37.72942224125545
              ],
              [
                128.99399967265433,
                37.72927706650445
              ],
              [
                128.9939051486785,
                37.72914022197299
              ],
              [
                128.99404670310363,
                37.728942235127256
              ],
              [
                128.9939459537828,
                37.72889757689646
              ],
              [
                128.99408840967712,
                37.728754008297635
              ],
              [
                128.99390808247932,
                37.72862780770755
              ],
              [
                128.9939397193635,
                37.72851949581086
              ],
              [
                128.99478673023356,
                37.72701553121605
              ],
              [
                128.9950047179493,
                37.72710654090998
              ],
              [
                128.99483639890525,
                37.72693033883145
              ],
              [
                128.9948976166914,
                37.72682533486233
              ],
              [
                128.99543180980413,
                37.726914207830106
              ],
              [
                128.99585508901447,
                37.72656141120352
              ],
              [
                128.9957383929369,
                37.72652074499131
              ],
              [
                128.99597394982374,
                37.72647641985578
              ],
              [
                128.99594164797514,
                37.72627675553701
              ],
              [
                128.9962000466214,
                37.726426003300446
              ],
              [
                128.99612202187623,
                37.726197740332125
              ],
              [
                128.99590851928588,
                37.72621344316949
              ],
              [
                128.99589652294185,
                37.72600102213467
              ],
              [
                128.99554154693635,
                37.72590179940405
              ],
              [
                128.99702446841326,
                37.72460853931167
              ],
              [
                128.99735183679897,
                37.72461289402044
              ],
              [
                128.99764149068184,
                37.72438607697962
              ],
              [
                128.9978832953585,
                37.72445590949724
              ],
              [
                128.99848014136558,
                37.72434999098239
              ],
              [
                128.99883959400876,
                37.72414476890564
              ],
              [
                128.99917012802018,
                37.72441522767401
              ],
              [
                128.99931217138112,
                37.7237861045406
              ],
              [
                128.99918514071007,
                37.723864612182204
              ],
              [
                128.9990137918984,
                37.72364914283899
              ],
              [
                128.9991152430547,
                37.72326291020095
              ],
              [
                128.99897946923127,
                37.72296921970686
              ],
              [
                129.0017023241327,
                37.72143861513859
              ],
              [
                129.00257228777494,
                37.720422618824635
              ],
              [
                129.00323282870798,
                37.720388806906634
              ],
              [
                129.0032013283125,
                37.72026263612675
              ],
              [
                129.00344450542104,
                37.72021026830503
              ],
              [
                129.00335983081519,
                37.72002505813269
              ],
              [
                129.00368688499884,
                37.71965520617193
              ],
              [
                129.00403779089936,
                37.719695148053376
              ],
              [
                129.00393081494414,
                37.719455259133376
              ],
              [
                129.00426926757922,
                37.719220811444096
              ],
              [
                129.00575571087427,
                37.71745466703639
              ],
              [
                129.00648354163994,
                37.716796122548715
              ],
              [
                129.00740854286815,
                37.71624849079921
              ],
              [
                129.00747984529755,
                37.716357441074656
              ],
              [
                129.00756725669288,
                37.71637027540088
              ],
              [
                129.00746038185622,
                37.71620117846365
              ],
              [
                129.00755740918194,
                37.71577407946747
              ],
              [
                129.0079921271405,
                37.714928814795734
              ],
              [
                129.00852644875522,
                37.71411088686817
              ],
              [
                129.00897237628672,
                37.71374415713322
              ],
              [
                129.01067609929765,
                37.71329208536362
              ],
              [
                129.01142260351642,
                37.713226993317924
              ],
              [
                129.01158961510592,
                37.71306649898853
              ],
              [
                129.01199690533866,
                37.7120589032995
              ],
              [
                129.01170565237373,
                37.71169774916007
              ],
              [
                129.01237414747146,
                37.71162975666541
              ],
              [
                129.01225350905617,
                37.71136176605014
              ],
              [
                129.0124459940118,
                37.71117636540787
              ],
              [
                129.01266068244993,
                37.7112119335366
              ],
              [
                129.01291127475886,
                37.71027275949824
              ],
              [
                129.01338339917857,
                37.709686841011504
              ],
              [
                129.0133719360497,
                37.709416110495255
              ],
              [
                129.01302571012974,
                37.70899744720254
              ],
              [
                129.0131634922523,
                37.70852566011158
              ],
              [
                129.01358894552502,
                37.70805705119806
              ],
              [
                129.01363582447647,
                37.70818211870766
              ],
              [
                129.01374722495024,
                37.7079953096185
              ],
              [
                129.01388282552145,
                37.708015197864405
              ],
              [
                129.01386505041123,
                37.707850079399975
              ],
              [
                129.01365433569507,
                37.70792590866534
              ],
              [
                129.01368721317945,
                37.7077972741398
              ],
              [
                129.01440657563884,
                37.70673038899664
              ],
              [
                129.01475087738322,
                37.706674644060534
              ],
              [
                129.01484948603309,
                37.70626202575555
              ],
              [
                129.0154110672342,
                37.70550308475183
              ],
              [
                129.01812141395376,
                37.70306258852992
              ],
              [
                129.02078571922547,
                37.70168835089311
              ],
              [
                129.02218320785536,
                37.70006677629656
              ],
              [
                129.0229175112232,
                37.69955150748078
              ],
              [
                129.02303487236676,
                37.699163186571575
              ],
              [
                129.02372974064676,
                37.69858986136338
              ],
              [
                129.02632552784493,
                37.696583309307
              ],
              [
                129.03055915733387,
                37.69369557376219
              ],
              [
                129.0344370235895,
                37.69071610193801
              ],
              [
                129.0348423940648,
                37.69104470709367
              ],
              [
                129.03502238221475,
                37.69109545281138
              ],
              [
                129.0350697575683,
                37.691309906272515
              ],
              [
                129.03554262488288,
                37.691555699633945
              ],
              [
                129.03508147472948,
                37.690868337480104
              ],
              [
                129.03488506468355,
                37.691008313858696
              ],
              [
                129.03449414362197,
                37.690665577597116
              ],
              [
                129.03645501932067,
                37.6888946155214
              ],
              [
                129.0403315537637,
                37.68620611467653
              ],
              [
                129.04048705791033,
                37.68625829269422
              ],
              [
                129.04056920869232,
                37.68602449061636
              ],
              [
                129.04144456070676,
                37.686310850506636
              ],
              [
                129.04216480457126,
                37.68568283506015
              ],
              [
                129.0436129355393,
                37.686682467953936
              ],
              [
                129.0437289642668,
                37.6865698231653
              ],
              [
                129.04235556426997,
                37.685564489714665
              ],
              [
                129.04284247541185,
                37.68494882181752
              ],
              [
                129.04361696689148,
                37.68448714266799
              ],
              [
                129.04438672090197,
                37.68457643100735
              ],
              [
                129.04497060376548,
                37.68537600037879
              ],
              [
                129.04550984796276,
                37.68541696588996
              ],
              [
                129.04883133781374,
                37.6816431156641
              ],
              [
                129.05004735746752,
                37.67882082320412
              ],
              [
                129.05151781741168,
                37.678268868345214
              ],
              [
                129.05211334576708,
                37.67885001168477
              ],
              [
                129.05230175540885,
                37.67882527112845
              ],
              [
                129.0533181277058,
                37.677880601529104
              ],
              [
                129.05526838202863,
                37.67672493500798
              ],
              [
                129.05562934737355,
                37.67543504605291
              ],
              [
                129.05504992037402,
                37.67522417649781
              ],
              [
                129.0546493399237,
                37.67438409253408
              ],
              [
                129.05530386077265,
                37.67318816909462
              ],
              [
                129.05671619480106,
                37.673037964279
              ],
              [
                129.0570703275552,
                37.67336002197802
              ],
              [
                129.05776065929916,
                37.67349435429044
              ],
              [
                129.0579174113658,
                37.67301261038579
              ],
              [
                129.05785546867813,
                37.67292730884274
              ],
              [
                129.05676300191072,
                37.672967621439085
              ],
              [
                129.05653516065817,
                37.67067095844376
              ],
              [
                129.05703049524965,
                37.670589116262335
              ],
              [
                129.05707768843476,
                37.67024842705294
              ],
              [
                129.05659890231993,
                37.66954459495508
              ],
              [
                129.05667548153644,
                37.66933413684092
              ],
              [
                129.0565203851874,
                37.66923373269199
              ],
              [
                129.05660496519772,
                37.6690982769226
              ],
              [
                129.0562963339769,
                37.669076761220644
              ],
              [
                129.0563692491017,
                37.6688616289371
              ],
              [
                129.05624860278118,
                37.66876569524908
              ],
              [
                129.0564445171322,
                37.66862536767622
              ],
              [
                129.05634529394075,
                37.668222327268396
              ],
              [
                129.05580044910522,
                37.668141131190396
              ],
              [
                129.05514054279706,
                37.66782836264315
              ],
              [
                129.0552716991702,
                37.66741399922182
              ],
              [
                129.05495279335116,
                37.666899733118825
              ],
              [
                129.05512743621014,
                37.66670349387624
              ],
              [
                129.0546700008845,
                37.66665375084824
              ],
              [
                129.05468236109982,
                37.66651915780633
              ],
              [
                129.05494525751251,
                37.66645879993912
              ],
              [
                129.0546576140483,
                37.666305809332165
              ],
              [
                129.05565869817897,
                37.66503018770528
              ],
              [
                129.05467287088663,
                37.666164403615845
              ],
              [
                129.0531505047403,
                37.665476393169065
              ],
              [
                129.05344754953703,
                37.66476755659691
              ],
              [
                129.05369033669345,
                37.664839797711515
              ],
              [
                129.0536795318088,
                37.6647210540989
              ],
              [
                129.05420752267338,
                37.66464764237536
              ],
              [
                129.0542442292252,
                37.66480273768436
              ],
              [
                129.05438243298894,
                37.6646254812595
              ],
              [
                129.0544244593149,
                37.66480198127439
              ],
              [
                129.05454005688418,
                37.66472763505615
              ],
              [
                129.0549797941425,
                37.66495954557378
              ],
              [
                129.05467857682868,
                37.66475657508251
              ],
              [
                129.05468024117692,
                37.66408653785551
              ],
              [
                129.0548848858262,
                37.66397976111053
              ],
              [
                129.05505974240137,
                37.66404305641952
              ],
              [
                129.05496678515416,
                37.66396666892134
              ],
              [
                129.0547098519538,
                37.66393760247751
              ],
              [
                129.054739296393,
                37.66385748357814
              ],
              [
                129.0551838558386,
                37.66364645422892
              ],
              [
                129.05537420026633,
                37.663185374972244
              ],
              [
                129.05570870495032,
                37.66323927126338
              ],
              [
                129.0559831720324,
                37.663039461933806
              ],
              [
                129.0558285635069,
                37.662842643266295
              ],
              [
                129.05595741444782,
                37.662671849230556
              ],
              [
                129.05547934516528,
                37.66225015150373
              ],
              [
                129.05533451916844,
                37.662287247702274
              ],
              [
                129.05523864263003,
                37.66205747081282
              ],
              [
                129.05532673999016,
                37.66188847091108
              ],
              [
                129.05516646036654,
                37.66191606867035
              ],
              [
                129.05500159551036,
                37.66152388620883
              ],
              [
                129.0551208856628,
                37.661186489147326
              ],
              [
                129.05536414277535,
                37.66104454694977
              ],
              [
                129.05572226455297,
                37.66110968561851
              ],
              [
                129.0559172456066,
                37.661021183237054
              ],
              [
                129.05595422541833,
                37.6611911170364
              ],
              [
                129.05637674693597,
                37.66135241204082
              ],
              [
                129.05645879929423,
                37.66125903288835
              ],
              [
                129.05626703133456,
                37.66095402497076
              ],
              [
                129.05625835369779,
                37.66071195510779
              ],
              [
                129.05638448440138,
                37.66062414158248
              ],
              [
                129.0562742813909,
                37.6605329150231
              ],
              [
                129.0565567480494,
                37.66049998811741
              ],
              [
                129.05656198584168,
                37.660149380339384
              ],
              [
                129.05643441418005,
                37.660264359122635
              ],
              [
                129.0560132654219,
                37.659631529448454
              ],
              [
                129.0561638558272,
                37.659534460841094
              ],
              [
                129.05596195024265,
                37.65947747741604
              ],
              [
                129.05608499365238,
                37.65932364217288
              ],
              [
                129.05634654323342,
                37.659317187071224
              ],
              [
                129.05668521231576,
                37.659109534675025
              ],
              [
                129.05666467875787,
                37.65923454554241
              ],
              [
                129.05680699332245,
                37.65924296612588
              ],
              [
                129.0568793745262,
                37.65876622631196
              ],
              [
                129.05676306143175,
                37.65879226494857
              ],
              [
                129.05657462529445,
                37.65841887183153
              ],
              [
                129.0566307156018,
                37.65824021832056
              ],
              [
                129.0564247734006,
                37.65839156102593
              ],
              [
                129.0562040481345,
                37.65825905801538
              ],
              [
                129.05616032034013,
                37.65792646527863
              ],
              [
                129.05548696019258,
                37.65722195127689
              ],
              [
                129.05533292892596,
                37.65666007430679
              ],
              [
                129.05615621018208,
                37.65663207204665
              ],
              [
                129.0562863263942,
                37.656486909637955
              ],
              [
                129.05566811654543,
                37.65547854391443
              ],
              [
                129.05568135710996,
                37.65515676342003
              ],
              [
                129.05449510369485,
                37.65430576284412
              ],
              [
                129.05432148244722,
                37.65374546977091
              ],
              [
                129.05516290265547,
                37.653346696736406
              ],
              [
                129.05511500879336,
                37.65302510614095
              ],
              [
                129.05260953561722,
                37.65288744925507
              ],
              [
                129.05251079646368,
                37.650197267224804
              ],
              [
                129.05066917754252,
                37.64776463710414
              ],
              [
                129.05052285639343,
                37.64783244240054
              ],
              [
                129.0523416610688,
                37.650147777482246
              ],
              [
                129.05141676402582,
                37.650147811820595
              ],
              [
                129.05141746399227,
                37.65022863811569
              ],
              [
                129.05221019026305,
                37.650228939927175
              ],
              [
                129.05221215123876,
                37.65203069333572
              ],
              [
                129.04990017396602,
                37.65203195224344
              ],
              [
                129.0493638191048,
                37.65119374053478
              ],
              [
                129.04908192218574,
                37.65123464169104
              ],
              [
                129.04876718162248,
                37.65087588226344
              ],
              [
                129.04810120132507,
                37.65063367630338
              ],
              [
                129.04781974560666,
                37.650013843253944
              ],
              [
                129.04837450369652,
                37.64981158932262
              ],
              [
                129.0482652935091,
                37.649419095204436
              ],
              [
                129.04777245676482,
                37.649644884914935
              ],
              [
                129.04716069785178,
                37.64867592462394
              ],
              [
                129.04628829235085,
                37.64765241592787
              ],
              [
                129.04556624498784,
                37.64585020222094
              ],
              [
                129.04568261980225,
                37.64484562326986
              ],
              [
                129.0455075855014,
                37.64423724968665
              ],
              [
                129.04483808655752,
                37.64353233839842
              ],
              [
                129.04436699959888,
                37.64334456649042
              ],
              [
                129.04353263034085,
                37.642745905654095
              ],
              [
                129.0434215967604,
                37.64245241564798
              ],
              [
                129.04338334212304,
                37.64192183448538
              ],
              [
                129.04375029658644,
                37.63909563341124
              ],
              [
                129.0451274548954,
                37.63534341347401
              ],
              [
                129.04700409224233,
                37.631880630453075
              ],
              [
                129.04678807194375,
                37.631802418415646
              ],
              [
                129.05024788591098,
                37.62608035138679
              ],
              [
                129.05773777155622,
                37.62606831786772
              ],
              [
                129.06434857669717,
                37.622885244051254
              ],
              [
                129.06423098099006,
                37.622730608234846
              ],
              [
                129.05798941645537,
                37.625836375553874
              ],
              [
                129.0574401085344,
                37.625964486180536
              ],
              [
                129.0560038691446,
                37.626004801081955
              ],
              [
                129.0560086892437,
                37.625779824124756
              ],
              [
                129.05392877425422,
                37.625782568027326
              ],
              [
                129.0539213894537,
                37.621232349597655
              ],
              [
                129.05978974150898,
                37.620294461175405
              ],
              [
                129.05978325818657,
                37.622873071290385
              ],
              [
                129.0599873778316,
                37.622871438680654
              ],
              [
                129.05985349218562,
                37.61823785020449
              ],
              [
                129.0615035826698,
                37.617542465645094
              ],
              [
                129.06152686312797,
                37.617336219172564
              ],
              [
                129.06169535140697,
                37.617271803318275
              ],
              [
                129.0618599967315,
                37.61749813588387
              ],
              [
                129.06211526188062,
                37.61745187486026
              ],
              [
                129.06227802943147,
                37.61787408114003
              ],
              [
                129.06212819304332,
                37.61733546142532
              ],
              [
                129.06183949200502,
                37.61715725104257
              ],
              [
                129.06187479431625,
                37.61685959377411
              ],
              [
                129.06307175645972,
                37.615643767736266
              ],
              [
                129.06314125102202,
                37.615185861590284
              ],
              [
                129.0628241608826,
                37.61488341397217
              ],
              [
                129.06377241557408,
                37.613386386735506
              ],
              [
                129.06444180366148,
                37.61258994206027
              ],
              [
                129.06559016248784,
                37.611747978124654
              ],
              [
                129.06640954606908,
                37.61079343528381
              ],
              [
                129.0725257458125,
                37.60592761690684
              ],
              [
                129.0744512625462,
                37.60453703669686
              ],
              [
                129.07388765663907,
                37.6041404914087
              ],
              [
                129.0731447046466,
                37.6038687214384
              ],
              [
                129.0705147815909,
                37.6009456048942
              ],
              [
                129.07000534776202,
                37.59998756095723
              ],
              [
                129.06863772731555,
                37.59891700428882
              ],
              [
                129.06637555291934,
                37.59879830278524
              ],
              [
                129.06585685866807,
                37.598632409088175
              ],
              [
                129.06517112447173,
                37.598699480697604
              ],
              [
                129.0640658790038,
                37.59837793355997
              ],
              [
                129.0632869566442,
                37.59784903341019
              ],
              [
                129.06129846050098,
                37.59810016137678
              ],
              [
                129.0610132983867,
                37.59790459361088
              ],
              [
                129.06030859936024,
                37.597827759326925
              ],
              [
                129.0596655115302,
                37.597471486217955
              ],
              [
                129.05722090009803,
                37.59692215446798
              ],
              [
                129.05648721126656,
                37.597148582426314
              ],
              [
                129.05572270650242,
                37.59709401190985
              ],
              [
                129.0554767341529,
                37.595961875235524
              ],
              [
                129.05517103063184,
                37.59568522304604
              ],
              [
                129.05518552938162,
                37.59512428134057
              ],
              [
                129.05500051312896,
                37.59468927069699
              ],
              [
                129.0555730275453,
                37.59433259832501
              ],
              [
                129.05571199763895,
                37.59375643579033
              ],
              [
                129.05616760673368,
                37.59377670515417
              ],
              [
                129.05703347491854,
                37.593540279113945
              ],
              [
                129.05866974680214,
                37.59162183237598
              ],
              [
                129.05889332326745,
                37.59101424352677
              ],
              [
                129.05954806358912,
                37.59023811191543
              ],
              [
                129.05964717533274,
                37.589896031002866
              ],
              [
                129.05952126215803,
                37.589025560552294
              ],
              [
                129.05959556687333,
                37.5884814547351
              ],
              [
                129.05849091789528,
                37.58804426700191
              ],
              [
                129.05792782278044,
                37.58755232876191
              ],
              [
                129.0570059103381,
                37.586120684267
              ],
              [
                129.0563965715267,
                37.58352128087118
              ],
              [
                129.0567044411077,
                37.58234552089953
              ],
              [
                129.05599080696305,
                37.58123396240324
              ],
              [
                129.05512263403156,
                37.58098280418334
              ],
              [
                129.05461742631115,
                37.57994233831253
              ],
              [
                129.0542058894258,
                37.57970500442789
              ],
              [
                129.0537679878263,
                37.57886672223893
              ],
              [
                129.0531155886836,
                37.57869638015196
              ],
              [
                129.05214222409106,
                37.57780292284079
              ],
              [
                129.0521280387979,
                37.57746753630949
              ],
              [
                129.05100020568204,
                37.57639364963469
              ],
              [
                129.0511424795576,
                37.57535104791439
              ],
              [
                129.05160044218934,
                37.57449082550919
              ],
              [
                129.05181572774273,
                37.57435503619179
              ],
              [
                129.05170115274856,
                37.57353896090159
              ],
              [
                129.0510668845632,
                37.57161105067887
              ],
              [
                129.05137260502593,
                37.57080982606341
              ],
              [
                129.05040097044997,
                37.569637811754916
              ],
              [
                129.05042835854934,
                37.568730054150414
              ],
              [
                129.05063657736403,
                37.568300538369634
              ],
              [
                129.0505847230367,
                37.567090702787205
              ],
              [
                129.04987663735142,
                37.565703867834536
              ],
              [
                129.04877547635016,
                37.56473636264416
              ],
              [
                129.04879578463354,
                37.563701468832576
              ],
              [
                129.04917809617191,
                37.563107508855204
              ],
              [
                129.04908857036577,
                37.562542209874735
              ],
              [
                129.0488306447922,
                37.561999512118874
              ],
              [
                129.04896439331986,
                37.56148314614004
              ],
              [
                129.04871922867977,
                37.56124692370513
              ],
              [
                129.04860775172395,
                37.56057393759596
              ],
              [
                129.0488950017773,
                37.559945832518565
              ],
              [
                129.04847431234444,
                37.55916719350765
              ],
              [
                129.04822779791454,
                37.55829498834332
              ],
              [
                129.04829422772292,
                37.55803347657287
              ],
              [
                129.04936071228883,
                37.55677696023281
              ],
              [
                129.04944021185122,
                37.55591982443823
              ],
              [
                129.04980262720105,
                37.55530684080388
              ],
              [
                129.04949520534547,
                37.554493722565354
              ],
              [
                129.0497261005964,
                37.55414787319094
              ],
              [
                129.05032329580774,
                37.55394798628033
              ],
              [
                129.04978320694664,
                37.552604055366814
              ],
              [
                129.04859378804554,
                37.55158114429349
              ],
              [
                129.04745875107227,
                37.549795933836016
              ],
              [
                129.047649756668,
                37.549330488070645
              ],
              [
                129.0474901281839,
                37.54850057452779
              ],
              [
                129.0478631143152,
                37.548068448107415
              ],
              [
                129.04785623144375,
                37.547917877005965
              ],
              [
                129.04781168569014,
                37.54767101361726
              ],
              [
                129.04708680929684,
                37.54701622912935
              ],
              [
                129.04713074608043,
                37.546639534320185
              ],
              [
                129.04626670541174,
                37.546465450752265
              ],
              [
                129.0459924466664,
                37.54624457695593
              ],
              [
                129.04447717155563,
                37.54614238864838
              ],
              [
                129.04413993991943,
                37.54662512739081
              ],
              [
                129.04267577075626,
                37.54748539153692
              ],
              [
                129.0412834806223,
                37.54708545854512
              ],
              [
                129.04091146719693,
                37.54712791182674
              ],
              [
                129.04011328911295,
                37.54769022330835
              ],
              [
                129.03956294221027,
                37.54855747162959
              ],
              [
                129.0391794991932,
                37.548863454284415
              ],
              [
                129.039047487864,
                37.5495489709821
              ],
              [
                129.03861899213254,
                37.54975103666257
              ],
              [
                129.03798837753826,
                37.5497332492741
              ],
              [
                129.0375656681653,
                37.54915193291964
              ],
              [
                129.03623026259004,
                37.548120688039674
              ],
              [
                129.03472689749594,
                37.547780283978696
              ],
              [
                129.03454426886225,
                37.547527823111714
              ],
              [
                129.03397535403704,
                37.54737091084281
              ],
              [
                129.0334321074519,
                37.547455644027686
              ],
              [
                129.03302617949103,
                37.54780809502327
              ],
              [
                129.03264015874822,
                37.54779365535377
              ],
              [
                129.0313246534458,
                37.54737270871026
              ],
              [
                129.03055219225843,
                37.546918999221134
              ],
              [
                129.0295970866651,
                37.54684718678557
              ],
              [
                129.02843840143785,
                37.54656519365884
              ],
              [
                129.0280589368877,
                37.54603143251282
              ],
              [
                129.02706316508275,
                37.54602727323519
              ],
              [
                129.02620259019304,
                37.545699855339286
              ],
              [
                129.02588799652997,
                37.54547993432511
              ],
              [
                129.02544493858505,
                37.54487406232948
              ],
              [
                129.02539296794765,
                37.544383932826015
              ],
              [
                129.02341412617173,
                37.542231420726
              ],
              [
                129.02341196713158,
                37.54177434733231
              ],
              [
                129.02240375588022,
                37.54082127908385
              ],
              [
                129.022437356146,
                37.540437278803594
              ],
              [
                129.02197457499213,
                37.54019494758657
              ],
              [
                129.02116241194207,
                37.53946633491878
              ],
              [
                129.0206620253391,
                37.53942511552447
              ],
              [
                129.02036291385764,
                37.53900477805925
              ],
              [
                129.0197556591315,
                37.53862294218448
              ],
              [
                129.01924710525097,
                37.53856283322281
              ],
              [
                129.0187485726959,
                37.538336415202416
              ],
              [
                129.01744697326265,
                37.53857710910415
              ],
              [
                129.01609252616052,
                37.539809284480185
              ],
              [
                129.01489982448365,
                37.53962392905364
              ],
              [
                129.01483363808563,
                37.539464127318446
              ],
              [
                129.0134237798462,
                37.539349743495585
              ],
              [
                129.01165880843433,
                37.539802945680066
              ],
              [
                129.0106367231933,
                37.5398956691105
              ],
              [
                129.0101324571196,
                37.54033457181291
              ],
              [
                129.00960996982184,
                37.540476650341745
              ],
              [
                129.00835806622322,
                37.54120153346137
              ],
              [
                129.00723237386265,
                37.541223586478594
              ],
              [
                129.00497133763307,
                37.5418085988852
              ],
              [
                129.0034854456738,
                37.54167089808434
              ],
              [
                129.00270461542146,
                37.54283698269893
              ],
              [
                129.0018790246549,
                37.542751276600846
              ],
              [
                128.99855025382155,
                37.54283141003321
              ],
              [
                128.9976478356052,
                37.54254944512986
              ],
              [
                128.99716724613776,
                37.542067288973925
              ],
              [
                128.99566018684777,
                37.541714629107354
              ],
              [
                128.99455111950232,
                37.5410953612572
              ],
              [
                128.99195201183826,
                37.539139753241116
              ],
              [
                128.99121580726302,
                37.538868122806214
              ],
              [
                128.99113295562347,
                37.5384968791504
              ],
              [
                128.9891070997245,
                37.53655223983405
              ],
              [
                128.98913042788834,
                37.536086482463965
              ],
              [
                128.98866904854924,
                37.53558075924951
              ],
              [
                128.98838856472213,
                37.535536507596625
              ],
              [
                128.98798008210628,
                37.534247327989284
              ],
              [
                128.98764397404003,
                37.53388968432437
              ],
              [
                128.98673900400695,
                37.53416359390079
              ],
              [
                128.98567849560013,
                37.534156527729444
              ],
              [
                128.9843872366454,
                37.53370886859241
              ],
              [
                128.98434701836536,
                37.53359766202479
              ],
              [
                128.98259894238274,
                37.53369777462821
              ],
              [
                128.98129875738556,
                37.53321958160037
              ],
              [
                128.98056155347683,
                37.533145517449704
              ],
              [
                128.97964275913714,
                37.53327965302656
              ],
              [
                128.97875773297002,
                37.53378797993717
              ],
              [
                128.97633237101962,
                37.53431266806892
              ],
              [
                128.9758056834554,
                37.53433250256283
              ],
              [
                128.9749081415361,
                37.533974951351354
              ],
              [
                128.9738576171732,
                37.53399505438215
              ],
              [
                128.97334588673223,
                37.53377851456317
              ],
              [
                128.97217142605572,
                37.53525562476067
              ],
              [
                128.9721614821197,
                37.5363490776358
              ],
              [
                128.97119450545728,
                37.536837991856686
              ],
              [
                128.97000453929832,
                37.53676650174777
              ],
              [
                128.96829003389226,
                37.5385676587605
              ],
              [
                128.9683058815351,
                37.53962304195466
              ],
              [
                128.96642940682804,
                37.540313687277546
              ],
              [
                128.9650407680441,
                37.5419359641735
              ],
              [
                128.96278180214506,
                37.543155423411115
              ],
              [
                128.9620715990081,
                37.54597553851369
              ],
              [
                128.9617654146747,
                37.547745651408505
              ],
              [
                128.96123430962922,
                37.54874700517374
              ],
              [
                128.9595429976885,
                37.54840057021663
              ],
              [
                128.95981602066246,
                37.547186715208205
              ],
              [
                128.95972983096178,
                37.54602364780931
              ],
              [
                128.9591388579172,
                37.54551092563932
              ],
              [
                128.95839011574358,
                37.5445709553284
              ],
              [
                128.95780589670147,
                37.54458038111202
              ],
              [
                128.95761284817695,
                37.54424030188979
              ],
              [
                128.95686232472437,
                37.543816977323765
              ],
              [
                128.95724407685253,
                37.543221654951566
              ],
              [
                128.95512590830208,
                37.54143874972815
              ],
              [
                128.95421803470649,
                37.54139097027735
              ],
              [
                128.95340559169398,
                37.541540459167166
              ],
              [
                128.95173237621336,
                37.540909340664626
              ],
              [
                128.95126396040337,
                37.54091901712581
              ],
              [
                128.95062095790604,
                37.54062207169441
              ],
              [
                128.95016544640245,
                37.53993370483477
              ],
              [
                128.94924706054627,
                37.53967453658596
              ],
              [
                128.94592901187826,
                37.54084483499122
              ],
              [
                128.94563266203318,
                37.54122048132059
              ],
              [
                128.94393666250946,
                37.54069293687559
              ],
              [
                128.94284263039575,
                37.539559065940686
              ],
              [
                128.94281956668397,
                37.53921783027138
              ],
              [
                128.94165067691588,
                37.53854254352292
              ],
              [
                128.9409967412879,
                37.53855994173193
              ],
              [
                128.94045828919172,
                37.53813985562092
              ],
              [
                128.93890037920266,
                37.5380019536213
              ],
              [
                128.9379651086994,
                37.53807386682797
              ],
              [
                128.93725904205198,
                37.5377707058357
              ],
              [
                128.93529027970618,
                37.53828568016861
              ],
              [
                128.93437589050885,
                37.53814149138282
              ],
              [
                128.93371777495534,
                37.538891021222156
              ],
              [
                128.9327604356703,
                37.53885231962162
              ],
              [
                128.93197503811118,
                37.53938406746846
              ],
              [
                128.93178655062533,
                37.539669057621865
              ],
              [
                128.93197066042129,
                37.54105173119473
              ],
              [
                128.93143431709908,
                37.541883093690736
              ],
              [
                128.9314070693755,
                37.542306778433584
              ],
              [
                128.9308457693002,
                37.542781032792085
              ],
              [
                128.9297018580885,
                37.54249647583515
              ],
              [
                128.9295036913352,
                37.542698564963146
              ],
              [
                128.92805827498813,
                37.54308750715133
              ],
              [
                128.92710047877193,
                37.544299886760626
              ],
              [
                128.92634656239377,
                37.54464345320786
              ],
              [
                128.92634836063678,
                37.54505009026152
              ],
              [
                128.925747024369,
                37.54595414005306
              ],
              [
                128.92548523541618,
                37.54610771709395
              ],
              [
                128.92549359153725,
                37.54663759598854
              ],
              [
                128.92476369841134,
                37.54723848197315
              ],
              [
                128.92395342151772,
                37.547057988336235
              ],
              [
                128.91979265988607,
                37.54766907280385
              ],
              [
                128.919066276081,
                37.54849548918008
              ],
              [
                128.91751376825835,
                37.54883227582537
              ],
              [
                128.91710345703333,
                37.54829629852124
              ],
              [
                128.9162152220378,
                37.548013829923384
              ],
              [
                128.915057189091,
                37.549265411297725
              ],
              [
                128.9145486634443,
                37.55027235547653
              ],
              [
                128.91483872540326,
                37.55120217572091
              ],
              [
                128.91445569463858,
                37.55192970570928
              ],
              [
                128.9137180021822,
                37.55215233500393
              ],
              [
                128.91292012264674,
                37.55285298044548
              ],
              [
                128.91151404970353,
                37.552983632905494
              ],
              [
                128.90867124237857,
                37.55276189621652
              ],
              [
                128.90831854960297,
                37.552864556587004
              ],
              [
                128.90764768247425,
                37.55259685425283
              ],
              [
                128.90573994260276,
                37.55262020755046
              ],
              [
                128.90529160549585,
                37.55348169502024
              ],
              [
                128.9050339877939,
                37.554700786743695
              ],
              [
                128.9044718128599,
                37.555465843782144
              ],
              [
                128.90520481700537,
                37.55781592085212
              ],
              [
                128.9049002752315,
                37.5598465398827
              ],
              [
                128.9054542381108,
                37.56139213549908
              ],
              [
                128.90482264731162,
                37.56333073876757
              ],
              [
                128.9041705945823,
                37.5635635411715
              ],
              [
                128.90446195047568,
                37.56578285450827
              ],
              [
                128.90572919324964,
                37.567100027181226
              ],
              [
                128.90520717775127,
                37.56844041794839
              ],
              [
                128.90477365005825,
                37.570367115765706
              ],
              [
                128.90406533614802,
                37.571441168954884
              ],
              [
                128.90138608092803,
                37.57150253661559
              ],
              [
                128.9010172377025,
                37.57189216185239
              ],
              [
                128.90122990860405,
                37.573988878621066
              ],
              [
                128.90043008538882,
                37.57484663952395
              ],
              [
                128.89974539946223,
                37.57794618675613
              ],
              [
                128.8993391663324,
                37.57924888838594
              ],
              [
                128.89954746132986,
                37.58069958527253
              ],
              [
                128.89821173046434,
                37.58180797992431
              ],
              [
                128.8986859145921,
                37.58400166516956
              ],
              [
                128.89751594067872,
                37.58502101596384
              ],
              [
                128.89776299564153,
                37.5866905981617
              ],
              [
                128.89593739642189,
                37.58647306710071
              ],
              [
                128.8953122140374,
                37.58675711865013
              ],
              [
                128.89445440823584,
                37.58774997777842
              ],
              [
                128.8926320200186,
                37.588410454038545
              ],
              [
                128.89116014027647,
                37.58830331138211
              ],
              [
                128.89024648399464,
                37.58854562059878
              ],
              [
                128.88936549086532,
                37.59151659651578
              ],
              [
                128.88878990144036,
                37.59222949313096
              ],
              [
                128.88555255130615,
                37.5928855533946
              ],
              [
                128.88447955605466,
                37.59291574045621
              ],
              [
                128.88249270652832,
                37.59243591632858
              ],
              [
                128.88186346922072,
                37.59115135861328
              ],
              [
                128.8805913197159,
                37.59054526692354
              ],
              [
                128.8793427658105,
                37.59012522131586
              ],
              [
                128.87770911861801,
                37.5884937899152
              ],
              [
                128.87606075073276,
                37.58930753122558
              ],
              [
                128.87353872115696,
                37.58967444385093
              ],
              [
                128.87309162595463,
                37.58808356607282
              ],
              [
                128.872270624143,
                37.587230139503276
              ],
              [
                128.87200351323557,
                37.58633545635617
              ],
              [
                128.8714285920782,
                37.58583109205853
              ],
              [
                128.8718430211429,
                37.584869178098224
              ],
              [
                128.87170023013888,
                37.584602878924116
              ],
              [
                128.87093060777067,
                37.584517895948196
              ],
              [
                128.87045776467397,
                37.58315863993279
              ],
              [
                128.8699408731834,
                37.582328743166116
              ],
              [
                128.87020016219878,
                37.581975953393105
              ],
              [
                128.86996185282163,
                37.58109914543611
              ],
              [
                128.86937605952738,
                37.58010866736506
              ],
              [
                128.8687532320292,
                37.5794860805268
              ],
              [
                128.86855682150676,
                37.579068450344984
              ],
              [
                128.86753941720636,
                37.57912026903463
              ],
              [
                128.86722172735932,
                37.57870063386121
              ],
              [
                128.8666291731413,
                37.57833822107048
              ],
              [
                128.8660321219364,
                37.577280688707184
              ],
              [
                128.86588461539628,
                37.576431762490095
              ],
              [
                128.8647036698648,
                37.57591784618169
              ],
              [
                128.86379315477367,
                37.575215693238604
              ],
              [
                128.86314954287886,
                37.57367996443574
              ],
              [
                128.86256852035703,
                37.571681882459934
              ],
              [
                128.86194639963819,
                37.57046331929365
              ],
              [
                128.8625662193326,
                37.56844808042954
              ],
              [
                128.86271076361922,
                37.56597870404989
              ],
              [
                128.8626961635487,
                37.56506921080814
              ],
              [
                128.86254971440943,
                37.564652979882645
              ],
              [
                128.86212042935585,
                37.564211214483784
              ],
              [
                128.86126792033505,
                37.563779523115194
              ],
              [
                128.86133510056396,
                37.5634929982869
              ],
              [
                128.86118595488847,
                37.5631925214465
              ],
              [
                128.8612743258918,
                37.563001004084455
              ],
              [
                128.858792440661,
                37.561221441299104
              ],
              [
                128.85889843315192,
                37.56065823475035
              ],
              [
                128.85944561606473,
                37.559685933849146
              ],
              [
                128.85931364943588,
                37.5581197196569
              ],
              [
                128.85942145246844,
                37.55705754625714
              ],
              [
                128.85918367134602,
                37.55590356904308
              ],
              [
                128.85988884724807,
                37.5553026906606
              ],
              [
                128.86177229103154,
                37.554473608999075
              ],
              [
                128.86161422924278,
                37.554247417374064
              ],
              [
                128.86202650675114,
                37.553629744551145
              ],
              [
                128.86197827399616,
                37.5530712265415
              ],
              [
                128.86176002002418,
                37.552802707447064
              ],
              [
                128.86185770524702,
                37.552245704407305
              ],
              [
                128.86172797152997,
                37.551778279026095
              ],
              [
                128.86145267882156,
                37.551507709588066
              ],
              [
                128.86156886856486,
                37.550828923640076
              ],
              [
                128.86096594730523,
                37.54983364850955
              ],
              [
                128.8607845954145,
                37.549307523946226
              ],
              [
                128.86089086500533,
                37.549019423450964
              ],
              [
                128.86004902952251,
                37.54813077923348
              ],
              [
                128.85915700930815,
                37.54777534725076
              ],
              [
                128.85928879230522,
                37.54703302598015
              ],
              [
                128.85908813702338,
                37.546664521830564
              ],
              [
                128.8591620617279,
                37.545713542157955
              ],
              [
                128.85952111204062,
                37.545510251206295
              ],
              [
                128.85986811737644,
                37.54509928410336
              ],
              [
                128.85965683607947,
                37.544577067839015
              ],
              [
                128.8601088518698,
                37.543976495162035
              ],
              [
                128.85979791758365,
                37.54357952371845
              ],
              [
                128.85974375186535,
                37.542999183716965
              ],
              [
                128.8599292028051,
                37.54241695077639
              ],
              [
                128.8593373283108,
                37.541770849820345
              ],
              [
                128.85936675710613,
                37.54126529335441
              ],
              [
                128.85957609384727,
                37.540927141391165
              ],
              [
                128.85950033355957,
                37.54072748947069
              ],
              [
                128.85913926603104,
                37.54052794435001
              ],
              [
                128.85897931431495,
                37.53972710231517
              ],
              [
                128.85855892266812,
                37.53910431450824
              ],
              [
                128.8579449395279,
                37.53902079543792
              ],
              [
                128.857506850121,
                37.53808178785562
              ],
              [
                128.85705755104,
                37.53805016385115
              ],
              [
                128.85689179766163,
                37.53786559078916
              ],
              [
                128.85671732498952,
                37.53724624163061
              ],
              [
                128.85593435102737,
                37.53746728368023
              ],
              [
                128.85551389108593,
                37.53729362077354
              ],
              [
                128.85523737749557,
                37.53624445053637
              ],
              [
                128.8552501095075,
                37.53510149327169
              ],
              [
                128.85538766545793,
                37.53470806459691
              ],
              [
                128.855610517045,
                37.534657037570405
              ],
              [
                128.85541982880002,
                37.53436143815124
              ],
              [
                128.85528255256392,
                37.53366752125228
              ],
              [
                128.8554151226796,
                37.53367099197878
              ],
              [
                128.8553839880162,
                37.53393704388541
              ],
              [
                128.85554729703293,
                37.533929776613085
              ],
              [
                128.85565202366587,
                37.53336405500697
              ],
              [
                128.85589374809578,
                37.53301346133594
              ],
              [
                128.8555005433902,
                37.53226059200168
              ],
              [
                128.85530359294847,
                37.53224944630613
              ],
              [
                128.85522719464987,
                37.53191174931072
              ],
              [
                128.85492562281357,
                37.53159663118158
              ],
              [
                128.85467036344443,
                37.53099700893875
              ],
              [
                128.85425475562542,
                37.53073465357511
              ],
              [
                128.85418192476257,
                37.53047877954116
              ],
              [
                128.853669917042,
                37.529885366660075
              ],
              [
                128.85371518981344,
                37.52949145461355
              ],
              [
                128.85359160269434,
                37.52930260466444
              ],
              [
                128.85377496356915,
                37.52882902832654
              ],
              [
                128.8536485128918,
                37.52834329719337
              ],
              [
                128.8537450034897,
                37.52805042359171
              ],
              [
                128.85355420846528,
                37.52765498151727
              ],
              [
                128.85366049673524,
                37.52724689203222
              ],
              [
                128.85396560243274,
                37.526698243535165
              ],
              [
                128.85474682598027,
                37.52623629488884
              ],
              [
                128.85474392472756,
                37.52569036954947
              ],
              [
                128.85447074426156,
                37.525344678432546
              ],
              [
                128.85453059198875,
                37.52491040131528
              ],
              [
                128.85434380057595,
                37.52482839440458
              ],
              [
                128.85425477418266,
                37.52420483095297
              ],
              [
                128.85376315976615,
                37.524207938076046
              ],
              [
                128.85333109745687,
                37.52398645477482
              ],
              [
                128.85310847126215,
                37.523487780806036
              ],
              [
                128.85265987014895,
                37.523417452219334
              ],
              [
                128.85256854032448,
                37.52317517661324
              ],
              [
                128.85188972579184,
                37.52300190417308
              ],
              [
                128.85151175321477,
                37.523038131278504
              ],
              [
                128.8513017254784,
                37.523220045567285
              ],
              [
                128.85104169668526,
                37.523142472255515
              ],
              [
                128.85093212174124,
                37.52298656855951
              ],
              [
                128.84838328621933,
                37.521800176545476
              ],
              [
                128.84815412021132,
                37.52143750788405
              ],
              [
                128.8487733398393,
                37.520857258334814
              ],
              [
                128.8496560905045,
                37.52035746112128
              ],
              [
                128.85011788026227,
                37.51977961476951
              ],
              [
                128.84997298631077,
                37.51925404034374
              ],
              [
                128.84956490826573,
                37.51853726946164
              ],
              [
                128.84849927318095,
                37.51711205886756
              ],
              [
                128.8484881256556,
                37.5164445955242
              ],
              [
                128.84860581372828,
                37.51646442569411
              ],
              [
                128.84907518862374,
                37.51554737675376
              ],
              [
                128.84872464654788,
                37.51555106841241
              ],
              [
                128.8487884373211,
                37.51543670636166
              ],
              [
                128.84837040665278,
                37.51520001396738
              ],
              [
                128.8481686664409,
                37.514931886011595
              ],
              [
                128.8470456119036,
                37.5146554836176
              ],
              [
                128.84581493905566,
                37.51383560983287
              ],
              [
                128.84311273157365,
                37.512566008646075
              ],
              [
                128.84244819045423,
                37.51285371385071
              ],
              [
                128.8420293947472,
                37.5132213143672
              ],
              [
                128.84041814513765,
                37.512029469913166
              ],
              [
                128.83873026580417,
                37.51193456044445
              ],
              [
                128.83650265011337,
                37.51249044785915
              ],
              [
                128.83580946047434,
                37.51285320076383
              ],
              [
                128.83396373521117,
                37.51313890693596
              ],
              [
                128.83309620544915,
                37.51277097660645
              ],
              [
                128.83291393367986,
                37.51242831085645
              ],
              [
                128.83244539591593,
                37.51238388876119
              ],
              [
                128.83196116431603,
                37.512082297849815
              ],
              [
                128.8315697661345,
                37.51170452412236
              ],
              [
                128.83140276902614,
                37.511004867007806
              ],
              [
                128.830490469721,
                37.510089317164315
              ],
              [
                128.8264877375706,
                37.50863484910011
              ],
              [
                128.82469251329505,
                37.50833552216998
              ],
              [
                128.8228767594816,
                37.507857856608304
              ],
              [
                128.82077490897777,
                37.50713157307195
              ],
              [
                128.81926756761038,
                37.50618619229213
              ],
              [
                128.81900786524562,
                37.505854476579074
              ],
              [
                128.81800028465287,
                37.505418184320675
              ],
              [
                128.81695797639034,
                37.50431418098576
              ],
              [
                128.81582282162267,
                37.50408886454998
              ],
              [
                128.81515644690114,
                37.50377389858695
              ],
              [
                128.81462884588953,
                37.50376668602416
              ],
              [
                128.8143854271418,
                37.50348354958204
              ],
              [
                128.81375373637746,
                37.503295797446164
              ],
              [
                128.81420617802385,
                37.50516569829442
              ],
              [
                128.81434364185372,
                37.50527637846764
              ],
              [
                128.81430897591648,
                37.505557930279416
              ],
              [
                128.81424056097683,
                37.50534615051601
              ],
              [
                128.8141507893958,
                37.50566562798318
              ],
              [
                128.81449715215766,
                37.506317444744276
              ],
              [
                128.81399712614893,
                37.50698068701267
              ],
              [
                128.81286637882383,
                37.50748135470587
              ],
              [
                128.81216010247675,
                37.50799231534666
              ],
              [
                128.81200563173613,
                37.50834489804322
              ],
              [
                128.81225891205153,
                37.50895808110723
              ],
              [
                128.81205678784505,
                37.50909655566072
              ],
              [
                128.81215596758315,
                37.50917703855757
              ],
              [
                128.81194875464928,
                37.50965923502753
              ],
              [
                128.81168549186265,
                37.50993316574889
              ],
              [
                128.81086268158677,
                37.51000592054724
              ],
              [
                128.81049377340275,
                37.510329043635984
              ],
              [
                128.81023080525893,
                37.51082135509563
              ],
              [
                128.80857634036494,
                37.51159016056704
              ],
              [
                128.8080238928772,
                37.5121391349878
              ],
              [
                128.80801112444334,
                37.51306304966495
              ],
              [
                128.8065220608422,
                37.5136948841444
              ],
              [
                128.80554860871985,
                37.51383752261993
              ],
              [
                128.80259330978126,
                37.51515311825488
              ],
              [
                128.80010933090662,
                37.51643053013822
              ],
              [
                128.7995481152374,
                37.51674243353374
              ],
              [
                128.799205576228,
                37.51734023443203
              ],
              [
                128.7976171634331,
                37.51844973672758
              ],
              [
                128.7977869929195,
                37.51870068663052
              ],
              [
                128.79783877732459,
                37.51967055297305
              ],
              [
                128.79813732223477,
                37.52016537126523
              ],
              [
                128.798050324504,
                37.520531196549484
              ],
              [
                128.79823891111138,
                37.52120905134721
              ],
              [
                128.79757128297376,
                37.52187045590939
              ],
              [
                128.7972327983043,
                37.52284215222622
              ],
              [
                128.7974497673308,
                37.52351538995083
              ],
              [
                128.7974993945692,
                37.525256169579144
              ],
              [
                128.7976246900583,
                37.525577590344966
              ],
              [
                128.79759981965287,
                37.52586622590617
              ],
              [
                128.79714403437177,
                37.52667268364952
              ],
              [
                128.79746392659706,
                37.526931020122134
              ],
              [
                128.79775082106852,
                37.52696893371652
              ],
              [
                128.79814954065506,
                37.527449895710575
              ],
              [
                128.7979825644171,
                37.52739024159381
              ],
              [
                128.79812624013132,
                37.52747332647567
              ],
              [
                128.79749419335855,
                37.52771439643394
              ],
              [
                128.79721379287238,
                37.52831834334932
              ],
              [
                128.79723701992233,
                37.528666392316765
              ],
              [
                128.7960655447892,
                37.529633784239834
              ],
              [
                128.7936963515972,
                37.52978069962372
              ],
              [
                128.79332674330686,
                37.5312586506901
              ],
              [
                128.79266350612343,
                37.532070616916734
              ],
              [
                128.79239347659114,
                37.53219413373731
              ],
              [
                128.79202829658416,
                37.53276298616181
              ],
              [
                128.79199202681463,
                37.53530195529734
              ],
              [
                128.79274259204882,
                37.536436714999816
              ],
              [
                128.79296218659798,
                37.53717418677563
              ],
              [
                128.79220585023393,
                37.537914230081725
              ],
              [
                128.79210128641006,
                37.5382440150373
              ],
              [
                128.79165753043475,
                37.53842833610962
              ],
              [
                128.79082084854173,
                37.53921534041481
              ],
              [
                128.78982606190445,
                37.53969252863896
              ],
              [
                128.78907651126224,
                37.5399511728159
              ],
              [
                128.78822955646575,
                37.53988808139979
              ],
              [
                128.7878110688316,
                37.54010454492153
              ],
              [
                128.78702463455275,
                37.54098628914501
              ],
              [
                128.7854970017268,
                37.54091561487671
              ],
              [
                128.78507167057887,
                37.5414436910503
              ],
              [
                128.78093062251486,
                37.5434942978771
              ],
              [
                128.77999540604088,
                37.54377235899533
              ],
              [
                128.7773620634876,
                37.5441716734101
              ],
              [
                128.7741444869788,
                37.5427729683457
              ],
              [
                128.77319046039952,
                37.54301367437724
              ],
              [
                128.7720135669962,
                37.542941971626085
              ],
              [
                128.769636670659,
                37.543247692633635
              ],
              [
                128.7682440983008,
                37.543218424791604
              ],
              [
                128.76703096129302,
                37.54363153209065
              ],
              [
                128.7646336721185,
                37.542765949869946
              ],
              [
                128.76340979501379,
                37.54208336645182
              ],
              [
                128.76240987548204,
                37.54181595917002
              ],
              [
                128.76200670938726,
                37.54150323708293
              ],
              [
                128.7607896159391,
                37.54187090745638
              ],
              [
                128.75995041659206,
                37.54185980544633
              ],
              [
                128.7589147075149,
                37.54226060540173
              ],
              [
                128.7582834759008,
                37.54269252134865
              ],
              [
                128.75732752641972,
                37.54311553681732
              ],
              [
                128.75665612843048,
                37.54378706046431
              ],
              [
                128.75653763746155,
                37.54421447890252
              ],
              [
                128.7561546013896,
                37.54429210587292
              ],
              [
                128.75589861189005,
                37.5441638943336
              ],
              [
                128.75348060738665,
                37.54505948830294
              ],
              [
                128.75314122512654,
                37.545009274549685
              ],
              [
                128.75196156208173,
                37.54525235236302
              ],
              [
                128.75178932714897,
                37.545550549402435
              ],
              [
                128.7513016476694,
                37.54567408797242
              ],
              [
                128.74979220377296,
                37.54659355691927
              ],
              [
                128.7486863989058,
                37.546903351488055
              ],
              [
                128.7478294324758,
                37.54655928149653
              ],
              [
                128.7466897204799,
                37.54675518046496
              ],
              [
                128.74598001266304,
                37.5470193937781
              ],
              [
                128.74520970775814,
                37.54685247375975
              ],
              [
                128.74451317188692,
                37.54616555875711
              ],
              [
                128.74314564419575,
                37.545860508621544
              ],
              [
                128.7423660755631,
                37.545893884918314
              ],
              [
                128.74089839899077,
                37.546572524058796
              ],
              [
                128.73922569799876,
                37.547670298555595
              ],
              [
                128.73764847369034,
                37.54751445434206
              ],
              [
                128.73707746006548,
                37.54730184985713
              ],
              [
                128.73670483005822,
                37.54670528037181
              ],
              [
                128.7361994744319,
                37.54626753534703
              ],
              [
                128.7360594227932,
                37.545749304569114
              ],
              [
                128.73567605409744,
                37.54547269416295
              ],
              [
                128.7356025251209,
                37.54519219458202
              ],
              [
                128.73501962600844,
                37.544914222546865
              ],
              [
                128.73494107993105,
                37.54472157576272
              ],
              [
                128.73241334673313,
                37.543893094399685
              ],
              [
                128.73168606759083,
                37.54304529689614
              ],
              [
                128.73148705698642,
                37.54258934634875
              ],
              [
                128.73029623131333,
                37.541925659832664
              ],
              [
                128.72898126817987,
                37.54009260352538
              ],
              [
                128.72773093438903,
                37.53895785978935
              ],
              [
                128.72726179090915,
                37.53783666833591
              ],
              [
                128.7228923095798,
                37.53488767743611
              ],
              [
                128.72249058883693,
                37.53414416792252
              ],
              [
                128.72271221127735,
                37.533000341964396
              ],
              [
                128.72236857355708,
                37.53133452449288
              ],
              [
                128.72085621988919,
                37.52918175888959
              ],
              [
                128.71978156143385,
                37.52871296378733
              ],
              [
                128.7187753646753,
                37.52993961162358
              ],
              [
                128.71715878238422,
                37.53100776667407
              ],
              [
                128.71522570494523,
                37.53121890210898
              ],
              [
                128.71413028568145,
                37.53161291224661
              ],
              [
                128.71006632742206,
                37.53152449486978
              ],
              [
                128.7070964412818,
                37.53219189905665
              ],
              [
                128.7068323268854,
                37.532455465080815
              ],
              [
                128.70588518189888,
                37.532943777863345
              ],
              [
                128.70484965567627,
                37.534148049855865
              ],
              [
                128.7042466689558,
                37.53506492274824
              ],
              [
                128.70360293474505,
                37.53524830108993
              ],
              [
                128.70242948550728,
                37.53523726224969
              ],
              [
                128.7016475900315,
                37.53536923880829
              ],
              [
                128.70083644152044,
                37.536057146108476
              ],
              [
                128.70000580610116,
                37.53628696137899
              ],
              [
                128.69977938045466,
                37.536540579566726
              ],
              [
                128.69900801821203,
                37.536645743009565
              ],
              [
                128.69768444416172,
                37.53777710666244
              ],
              [
                128.6967311320757,
                37.53888766146412
              ],
              [
                128.69600357512917,
                37.54029058717777
              ],
              [
                128.69479977268884,
                37.54100249229517
              ],
              [
                128.69405367022182,
                37.54124520687358
              ],
              [
                128.69356713852181,
                37.542641653385665
              ],
              [
                128.69334342389985,
                37.542916646434335
              ],
              [
                128.69269292061728,
                37.54312443611672
              ],
              [
                128.6926232180605,
                37.54400757478558
              ],
              [
                128.69173263014798,
                37.54607572387774
              ],
              [
                128.69135972901356,
                37.54737593512723
              ],
              [
                128.68976694212267,
                37.549300901547355
              ],
              [
                128.68945571270825,
                37.55111630065803
              ],
              [
                128.68904492869996,
                37.55254862321672
              ],
              [
                128.68855033631803,
                37.552847342313136
              ],
              [
                128.68775865407483,
                37.55432201426726
              ],
              [
                128.68638983202823,
                37.55495987219397
              ],
              [
                128.68594722947176,
                37.555545142852665
              ],
              [
                128.68591709452394,
                37.55576184888145
              ],
              [
                128.68502878617082,
                37.55599333148858
              ],
              [
                128.6834964946572,
                37.55714874887128
              ],
              [
                128.68338568889737,
                37.55867065884595
              ],
              [
                128.68390898817225,
                37.55970452641961
              ],
              [
                128.68416941436877,
                37.56179608308277
              ],
              [
                128.6835764476467,
                37.563414659310006
              ],
              [
                128.6818562950987,
                37.56496236840924
              ],
              [
                128.6795707809472,
                37.5661740747475
              ],
              [
                128.67887786604933,
                37.56706086129359
              ],
              [
                128.67917728377716,
                37.56903158443247
              ],
              [
                128.6789636098434,
                37.569861123469146
              ],
              [
                128.67918243799934,
                37.57044120764455
              ],
              [
                128.67966807246407,
                37.57084220946948
              ]
            ],
            [
              [
                129.05643871654823,
                37.658396627026576
              ],
              [
                129.0563229073006,
                37.65846001041385
              ],
              [
                129.0564247734006,
                37.65839156102593
              ],
              [
                129.05643871654823,
                37.658396627026576
              ]
            ],
            [
              [
                128.88003919342614,
                37.7965169700606
              ],
              [
                128.88000857317965,
                37.79612802392577
              ],
              [
                128.88014606269283,
                37.79621480133451
              ],
              [
                128.8800103417686,
                37.79615041444273
              ],
              [
                128.88003919342614,
                37.7965169700606
              ]
            ],
            [
              [
                128.89544506285011,
                37.78055726352655
              ],
              [
                128.89600851706015,
                37.7807323746986
              ],
              [
                128.89605057358895,
                37.78062109924473
              ],
              [
                128.89607085902247,
                37.7806128826635
              ],
              [
                128.8959153183617,
                37.7811173237206
              ],
              [
                128.89600788137656,
                37.78073237412936
              ],
              [
                128.89544506285011,
                37.78055726352655
              ]
            ],
            [
              [
                128.89820182281935,
                37.75551697534138
              ],
              [
                128.89821278981023,
                37.75552142668724
              ],
              [
                128.89809931359926,
                37.75548043259545
              ],
              [
                128.89820182281935,
                37.75551697534138
              ]
            ],
            [
              [
                128.9263386263176,
                37.71707387650705
              ],
              [
                128.92624389861092,
                37.71708615028317
              ],
              [
                128.92597973654824,
                37.71710887485858
              ],
              [
                128.9263386263176,
                37.71707387650705
              ]
            ],
            [
              [
                128.92661280571795,
                37.71691322861449
              ],
              [
                128.92670320958817,
                37.716903285299416
              ],
              [
                128.92674364884078,
                37.71690873477136
              ],
              [
                128.92699411287248,
                37.71687093567366
              ],
              [
                128.92661280571795,
                37.71691322861449
              ]
            ],
            [
              [
                128.92783571400352,
                37.71641567499698
              ],
              [
                128.92799283685048,
                37.71625999606444
              ],
              [
                128.92827773812206,
                37.716042509009945
              ],
              [
                128.92783571400352,
                37.71641567499698
              ]
            ],
            [
              [
                128.92846944591398,
                37.71588062523693
              ],
              [
                128.92859418928984,
                37.71577952396877
              ],
              [
                128.9284694217556,
                37.71588064978619
              ],
              [
                128.92846944591398,
                37.71588062523693
              ]
            ],
            [
              [
                128.9291061676586,
                37.71564361347275
              ],
              [
                128.92927798826113,
                37.71564795342719
              ],
              [
                128.92902938473503,
                37.71564410686451
              ],
              [
                128.9291061676586,
                37.71564361347275
              ]
            ],
            [
              [
                128.93011931214318,
                37.71575986142959
              ],
              [
                128.93007003657834,
                37.71581511485927
              ],
              [
                128.93013824046773,
                37.715734926185874
              ],
              [
                128.93011931214318,
                37.71575986142959
              ]
            ],
            [
              [
                128.85173034701725,
                37.80283010333037
              ],
              [
                128.85150914105677,
                37.802551244110845
              ],
              [
                128.8515110588246,
                37.80255073635696
              ],
              [
                128.85173034701725,
                37.80283010333037
              ]
            ],
            [
              [
                128.88891009326997,
                37.73801698806335
              ],
              [
                128.88874053402935,
                37.73836658858021
              ],
              [
                128.88874046601393,
                37.73836655247664
              ],
              [
                128.88891009326997,
                37.73801698806335
              ]
            ],
            [
              [
                128.9084874332953,
                37.711377650442074
              ],
              [
                128.90831027691857,
                37.71138615705839
              ],
              [
                128.90848743276425,
                37.71137763869084
              ],
              [
                128.9084874332953,
                37.711377650442074
              ]
            ],
            [
              [
                128.85651526123715,
                37.748173561319966
              ],
              [
                128.85651582865006,
                37.74817351697
              ],
              [
                128.85645748442872,
                37.74826090142202
              ],
              [
                128.85636107725517,
                37.74835159955567
              ],
              [
                128.85651526123715,
                37.748173561319966
              ]
            ],
            [
              [
                128.85791570642184,
                37.744390169798315
              ],
              [
                128.8579887878864,
                37.74445545954455
              ],
              [
                128.8582477135759,
                37.744691132644725
              ],
              [
                128.85791570642184,
                37.744390169798315
              ]
            ],
            [
              [
                128.93025158309902,
                37.73933198884519
              ],
              [
                128.9302089971349,
                37.73936344271839
              ],
              [
                128.93021550506367,
                37.73935600470514
              ],
              [
                128.93025158309902,
                37.73933198884519
              ]
            ],
            [
              [
                128.93477651603163,
                37.769485074047836
              ],
              [
                128.93334168722512,
                37.76954653579767
              ],
              [
                128.93477651859698,
                37.769484932752775
              ],
              [
                128.93477651603163,
                37.769485074047836
              ]
            ],
            [
              [
                128.94801260625255,
                37.75880807859183
              ],
              [
                128.94808905768244,
                37.758921595670245
              ],
              [
                128.94808834172824,
                37.758921480704466
              ],
              [
                128.94801260625255,
                37.75880807859183
              ]
            ],
            [
              [
                128.94835431749692,
                37.759011341814656
              ],
              [
                128.94828077331147,
                37.75895238062071
              ],
              [
                128.9482187106936,
                37.758942414883734
              ],
              [
                128.948281102667,
                37.75895202038568
              ],
              [
                128.94835431749692,
                37.759011341814656
              ]
            ],
            [
              [
                128.94883781561802,
                37.76016663838115
              ],
              [
                128.94872093025882,
                37.759997024989914
              ],
              [
                128.94851016654457,
                37.759348365670256
              ],
              [
                128.94850357292918,
                37.75922157967697
              ],
              [
                128.94846052892078,
                37.75915101125171
              ],
              [
                128.94850668080431,
                37.75922373436853
              ],
              [
                128.94872240488942,
                37.75999794462926
              ],
              [
                128.94883781561802,
                37.76016663838115
              ]
            ],
            [
              [
                128.94895175763548,
                37.76041611981779
              ],
              [
                128.94889724684163,
                37.760337044855156
              ],
              [
                128.94889678514514,
                37.760333292716524
              ],
              [
                128.94889691969806,
                37.76033427876376
              ],
              [
                128.94895175763548,
                37.76041611981779
              ]
            ],
            [
              [
                128.94920804625556,
                37.760802916157225
              ],
              [
                128.94920739762276,
                37.76080542954574
              ],
              [
                128.94912825012085,
                37.760681863089
              ],
              [
                128.94920804625556,
                37.760802916157225
              ]
            ]
          ],
          [
            [
              [
                128.87886798061143,
                37.83242344004136
              ],
              [
                128.87701230110156,
                37.8318449763313
              ],
              [
                128.8769870885011,
                37.831895997382595
              ],
              [
                128.87886798061143,
                37.83242344004136
              ]
            ]
          ],
          [
            [
              [
                128.9102081411549,
                37.80756475141769
              ],
              [
                128.9104164745228,
                37.80749738638237
              ],
              [
                128.9103414202131,
                37.80733532814507
              ],
              [
                128.91005784334263,
                37.80733046840122
              ],
              [
                128.9102081411549,
                37.80756475141769
              ]
            ]
          ],
          [
            [
              [
                128.91238035668988,
                37.81013385735148
              ],
              [
                128.91305923817507,
                37.81014618061605
              ],
              [
                128.91323605876832,
                37.81004448773185
              ],
              [
                128.9131674419739,
                37.809876210610234
              ],
              [
                128.9130909952543,
                37.809989078513134
              ],
              [
                128.91291641663145,
                37.80981109047633
              ],
              [
                128.91247344842103,
                37.81005277004853
              ],
              [
                128.9126802475299,
                37.8097725500748
              ],
              [
                128.91259285781257,
                37.80974887019163
              ],
              [
                128.91228622401508,
                37.809947415244004
              ],
              [
                128.91238035668988,
                37.81013385735148
              ]
            ]
          ],
          [
            [
              [
                128.91258005523486,
                37.810916953144805
              ],
              [
                128.91291012248655,
                37.810364666401064
              ],
              [
                128.91265057123334,
                37.81029629586602
              ],
              [
                128.91233002829878,
                37.81053858973047
              ],
              [
                128.91258005523486,
                37.810916953144805
              ]
            ]
          ],
          [
            [
              [
                129.04785416783872,
                37.649607444314945
              ],
              [
                129.0498732753457,
                37.648628110606786
              ],
              [
                129.04780946444473,
                37.64953354574886
              ],
              [
                129.04785416783872,
                37.649607444314945
              ]
            ]
          ]
        ]
      },
      "properties": {
        "name": "강릉시",
        "source": "행정구역 읍면동 경계선(MLTM_LSMD_ADM_SECT_UMD)_0807112312.shp"
      }
    }
  ]
}